ID;NOMBRE / DESC;SECCIÓN;POSICIÓN;ESTADO;REPE ;CANTIDAD REPE;ID SECCIÓN
1;OFFICIAL EMBLEM ;FWC;OTRO;FALTA;NO;0;FWC1
2;OFFICAL EMBLEM 2;FWC;OTRO;FALTA;NO;0;FWC2
3;OFFICIAL MASCOT;FWC;OTRO;FALTA;NO;0;FWC3
4;OFFICIAL SLOGAN ;FWC;OTRO;FALTA;NO;0;FWC4
5;OFFICIAL BALL;FWC;OTRO;FALTA;NO;0;FWC5
6;HOST COUNTRY EMBLEM CAN;FWC;OTRO;FALTA;NO;0;FWC6
7;HOST COUNTRY EMBLEM MEX;FWC;OTRO;FALTA;NO;0;FWC7
8;HOST COUNTRY EMBLEM USA;FWC;OTRO;FALTA;NO;0;FWC8
9;ESCUDO MEX;MÉXICO;OTRO;FALTA;NO;0;MEX1
10;LUIS MALAGÓN;MÉXICO;PORTERO;FALTA;NO;0;MEX2
11;JOHAN VÁSQUEZ;MÉXICO;DEFENSA;FALTA;NO;0;MEX3
12;JORGE SÁNCHEZ;MÉXICO;DEFENSA;FALTA;NO;0;MEX4
13;CÉSAR MONTES;MÉXICO;DEFENSA;FALTA;NO;0;MEX5
14;JESUS GALLARDO;MÉXICO;DEFENSA;FALTA;NO;0;MEX6
15;ISRAEL REYES;MÉXICO;DEFENSA;FALTA;NO;0;MEX7
16;DIEGO LAINEZ;MÉXICO;MEDIOCENTRO;FALTA;NO;0;MEX8
17;CARLOS RODRÍGUEZ;MÉXICO;MEDIOCENTRO;FALTA;NO;0;MEX9
18;EDSON ÁLVAREZ;MÉXICO;MEDIOCENTRO;FALTA;NO;0;MEX10
19;ORBELÍN PINEDA;MÉXICO;MEDIOCENTRO;FALTA;NO;0;MEX11
20;MARCEL RUIZ;MÉXICO;MEDIOCENTRO;FALTA;NO;0;MEX12
21;EQUIPO MEX;MÉXICO;OTRO;FALTA;NO;0;MEX13
22;ÉRICK SÁNCHEZ;MÉXICO;MEDIOCENTRO;FALTA;NO;0;MEX14
23;HIRVING LOZANO;MÉXICO;DELANTERO;FALTA;NO;0;MEX15
24;SANTIAGO GIMÉNEZ;MÉXICO;DELANTERO;FALTA;NO;0;MEX16
25;RAÚL JIMÉNEZ;MÉXICO;DELANTERO;FALTA;NO;0;MEX17
26;ALEXIS VEGA;MÉXICO;DELANTERO;FALTA;NO;0;MEX18
27;ROBERTO ALVARADO;MÉXICO;DELANTERO;FALTA;NO;0;MEX19
28;CÉSAR HUERTA;MÉXICO;DELANTERO;FALTA;NO;0;MEX20
29;ESCUDO RSA;SUDÁFRICA;OTRO;FALTA;NO;0;RSA1
30;ROWEN WILLIAMS;SUDÁFRICA;PORTERO;FALTA;NO;0;RSA2
31;SIPHIO CHAINE;SUDÁFRICA;PORTERO;FALTA;NO;0;RSA3
32;AUBREY MODIBA;SUDÁFRICA;DEFENSA;FALTA;NO;0;RSA4
33;SAMUKELE KABINI;SUDÁFRICA;DEFENSA;FALTA;NO;0;RSA5
34;MBEKEZELI MBOKAZI;SUDÁFRICA;DEFENSA;FALTA;NO;0;RSA6
35;KULUMANI NDAMANE;SUDÁFRICA;DEFENSA;FALTA;NO;0;RSA7
36;SIYABONGA NGEZANA;SUDÁFRICA;DEFENSA;FALTA;NO;0;RSA8
37;KHULISO MUDAU;SUDÁFRICA;DEFENSA;FALTA;NO;0;RSA9
38;NKOSINATHI SIBISI;SUDÁFRICA;DEFENSA;FALTA;NO;0;RSA10
39;TEBOHO MOKOENA;SUDÁFRICA;MEDIOCENTRO;FALTA;NO;0;RSA11
40;THALENTE MBATHA;SUDÁFRICA;MEDIOCENTRO;FALTA;NO;0;RSA12
41;EQUIPO RSA;SUDÁFRICA;OTRO;FALTA;NO;0;RSA13
42;BATHUSI AUBASS;SUDÁFRICA;MEDIOCENTRO;FALTA;NO;0;RSA14
43;YAYA SITHOLE;SUDÁFRICA;MEDIOCENTRO;FALTA;NO;0;RSA15
44;SIPHO MBULE;SUDÁFRICA;MEDIOCENTRO;FALTA;NO;0;RSA16
45;LYLE FOSTER;SUDÁFRICA;DELANTERO;FALTA;NO;0;RSA17
46;IQRAAM RAYNERS;SUDÁFRICA;DELANTERO;FALTA;NO;0;RSA18
47;MOHAU NKOTA;SUDÁFRICA;DELANTERO;FALTA;NO;0;RSA19
48;OSWIN APPOLLIS;SUDÁFRICA;DELANTERO;FALTA;NO;0;RSA20
49;ESCUDO KOR;KOREA;OTRO;FALTA;NO;0;KOR1
50;HYEONWOO JO;KOREA;PORTERO;FALTA;NO;0;KOR2
51;SEUNGGYU KIM;KOREA;PORTERO;FALTA;NO;0;KOR3
52;MINJAE KIM;KOREA;DEFENSA;FALTA;NO;0;KOR4
53;YUMIN CHO;KOREA;DEFENSA;FALTA;NO;0;KOR5
54;YOUNGWOO SEOL;KOREA;DEFENSA;FALTA;NO;0;KOR6
55;HANBEOM LEE;KOREA;DEFENSA;FALTA;NO;0;KOR7
56;TAESEOK LEE;KOREA;DEFENSA;FALTA;NO;0;KOR8
57;MYUNGJAE LEE;KOREA;DEFENSA;FALTA;NO;0;KOR9
58;JAESUNG LEE;KOREA;MEDIOCENTRO;FALTA;NO;0;KOR10
59;INBEOM HWANG;KOREA;MEDIOCENTRO;FALTA;NO;0;KOR11
60;KANGIN LEE;KOREA;MEDIOCENTRO;FALTA;NO;0;KOR12
61;EQUIPO KOR;KOREA;OTRO;FALTA;NO;0;KOR13
62;SEUNGHO PARK;KOREA;MEDIOCENTRO;FALTA;NO;0;KOR14
63;JENS CASTROP;KOREA;MEDIOCENTRO;FALTA;NO;0;KOR15
64;DONGGYEONG LEE;KOREA;MEDIOCENTRO;FALTA;NO;0;KOR16
65;GUESUNG CHO;KOREA;DELANTERO;FALTA;NO;0;KOR17
66;HEUNGMIN SON;KOREA;DELANTERO;FALTA;NO;0;KOR18
67;HEECHAN HWANG;KOREA;DELANTERO;FALTA;NO;0;KOR19
68;HYEONGYU OH;KOREA;DELANTERO;FALTA;NO;0;KOR20
69;ESCUDO CZE;REPUBLICA CHECA;OTRO;FALTA;NO;0;CZE1
70;MATEJ KOVAR;REPUBLICA CHECA;PORTERO;FALTA;NO;0;CZE2
71;JINDRICH STANEK;REPUBLICA CHECA;PORTERO;FALTA;NO;0;CZE3
72;LADISLAV KREJCI;REPUBLICA CHECA;DEFENSA;FALTA;NO;0;CZE4
73;VLADIMIR COUFAL;REPUBLICA CHECA;DEFENSA;FALTA;NO;0;CZE5
74;JAROSLAV ZELENY;REPUBLICA CHECA;DEFENSA;FALTA;NO;0;CZE6
75;THOMAS HOLES;REPUBLICA CHECA;DEFENSA;FALTA;NO;0;CZE7
76;DAVID ZIMA;REPUBLICA CHECA;DEFENSA;FALTA;NO;0;CZE8
77;MICHAL SADILEK;REPUBLICA CHECA;MEDIOCENTRO;FALTA;NO;0;CZE9
78;LUKAS PROVOD;REPUBLICA CHECA;MEDIOCENTRO;FALTA;NO;0;CZE10
79;LUKAS CERV;REPUBLICA CHECA;MEDIOCENTRO;FALTA;NO;0;CZE11
80;TOMAS SOUCEK;REPUBLICA CHECA;MEDIOCENTRO;FALTA;NO;0;CZE12
81;EQUIPO CZE;REPUBLICA CHECA;OTRO;FALTA;NO;0;CZE13
82;PAVEL SULC;REPUBLICA CHECA;MEDIOCENTRO;FALTA;NO;0;CZE14
83;MATEJ VYDRA;REPUBLICA CHECA;DELANTERO;FALTA;NO;0;CZE15
84;VASIL KUSEJ;REPUBLICA CHECA;DELANTERO;FALTA;NO;0;CZE16
85;THOMAS CHORY;REPUBLICA CHECA;DELANTERO;FALTA;NO;0;CZE17
86;VACLAV CERNY;REPUBLICA CHECA;DELANTERO;FALTA;NO;0;CZE18
87;ADAM HLOZEK;REPUBLICA CHECA;DELANTERO;FALTA;NO;0;CZE19
88;PATRICK SCHICK;REPUBLICA CHECA;DELANTERO;FALTA;NO;0;CZE20
89;ESCUDO CAN;CANADÁ;OTRO;FALTA;NO;0;CAN1
90;DAYNE ST. CLAIR;CANADÁ;PORTERO;FALTA;NO;0;CAN2
91;ALPHONSO DAVIES;CANADÁ;DEFENSA;FALTA;NO;0;CAN3
92;ALISTAR JOHNSTON;CANADÁ;DEFENSA;FALTA;NO;0;CAN4
93;SAMUEL ADEKUGBE;CANADÁ;DEFENSA;FALTA;NO;0;CAN5
94;RICHIE LARYEA;CANADÁ;DEFENSA;FALTA;NO;0;CAN6
95;DEREK CORNELIUS;CANADÁ;DEFENSA;FALTA;NO;0;CAN7
96;MOISE BOMBITO;CANADÁ;DEFENSA;FALTA;NO;0;CAN8
97;KAMAL MILLER;CANADÁ;DEFENSA;FALTA;NO;0;CAN9
98;STEPHEN EUSTAQUIO;CANADÁ;MEDIOCENTRO;FALTA;NO;0;CAN10
99;ISMAEL KONE;CANADÁ;MEDIOCENTRO;FALTA;NO;0;CAN11
100;JONATHAN OSORIO;CANADÁ;MEDIOCENTRO;FALTA;NO;0;CAN12
101;EQUIPO CAN;CANADÁ;OTRO;FALTA;NO;0;CAN13
102;JACOB SHAFFELBURG;CANADÁ;MEDIOCENTRO;FALTA;NO;0;CAN14
103;MATHIEU CHOINČRE;CANADÁ;MEDIOCENTRO;FALTA;NO;0;CAN15
104;NIKO SIGUR;CANADÁ;MEDIOCENTRO;FALTA;NO;0;CAN16
105;TAJON BUCHANAN;CANADÁ;DELANTERO;FALTA;NO;0;CAN17
106;LIAM MILLAR;CANADÁ;DELANTERO;FALTA;NO;0;CAN18
107;CYLE LARIN;CANADÁ;DELANTERO;FALTA;NO;0;CAN19
108;JONATHAN DAVID;CANADÁ;DELANTERO;FALTA;NO;0;CAN20
109;ESCUDO BOSNIA Y HERZEGOVINA;BOSNIA Y HERZEGOVINA;OTRO;FALTA;NO;0;BIH1
110;NIKOLA VASILJ;BOSNIA Y HERZEGOVINA;PORTERO;FALTA;NO;0;BIH2
111;AMAR DEDIC;BOSNIA Y HERZEGOVINA;DEFENSA;FALTA;NO;0;BIH3
112;SEAD KOSALINAC;BOSNIA Y HERZEGOVINA;DEFENSA;FALTA;NO;0;BIH4
113;TARIK MUHAREMOVIC;BOSNIA Y HERZEGOVINA;DEFENSA;FALTA;NO;0;BIH5
114;NIHAD MUJAKIC;BOSNIA Y HERZEGOVINA;DEFENSA;FALTA;NO;0;BIH6
115;NIKOLA KATIC;BOSNIA Y HERZEGOVINA;DEFENSA;FALTA;NO;0;BIH7
116;AMIR HADZIAHMETOVIC;BOSNIA Y HERZEGOVINA;MEDIOCENTRO;FALTA;NO;0;BIH8
117;BEJAMIN TAHIROVIC;BOSNIA Y HERZEGOVINA;MEDIOCENTRO;FALTA;NO;0;BIH9
118;ARMIN GIGOVIC;BOSNIA Y HERZEGOVINA;MEDIOCENTRO;FALTA;NO;0;BIH10
119;IVAN SUNJIC;BOSNIA Y HERZEGOVINA;MEDIOCENTRO;FALTA;NO;0;BIH11
120;IVAN BASIC;BOSNIA Y HERZEGOVINA;MEDIOCENTRO;FALTA;NO;0;BIH12
121;EQUIPO BOSNIA Y HERZEGOVINA;BOSNIA Y HERZEGOVINA;OTRO;FALTA;NO;0;BIH13
122;DZENIS BURNIC;BOSNIA Y HERZEGOVINA;MEDIOCENTRO;FALTA;NO;0;BIH14
123;ESMIR BAJRAKTAREVIC;BOSNIA Y HERZEGOVINA;DELANTERO;FALTA;NO;0;BIH15
124;AMAR MEMIC;BOSNIA Y HERZEGOVINA;DELANTERO;FALTA;NO;0;BIH16
125;ERMEDIN DEMIROVIC;BOSNIA Y HERZEGOVINA;DELANTERO;FALTA;NO;0;BIH17
126;EDIN DZEKO;BOSNIA Y HERZEGOVINA;DELANTERO;FALTA;NO;0;BIH18
127;SAMED BAZDAR;BOSNIA Y HERZEGOVINA;DELANTERO;FALTA;NO;0;BIH19
128;HARIS TABAKOVIC;BOSNIA Y HERZEGOVINA;DELANTERO;FALTA;NO;0;BIH20
129;ESCUDO QATAR;QATAR;OTRO;FALTA;NO;0;QAT1
130;MESHAAL BARSHAM;QATAR;PORTERO;FALTA;NO;0;QAT2
131;SULTAN ALBRAKE;QATAR;DEFENSA;FALTA;NO;0;QAT3
132;LUCAS MENDES;QATAR;DEFENSA;FALTA;NO;0;QAT4
133;HOMAM AHMED;QATAR;DEFENSA;FALTA;NO;0;QAT5
134;BOUALEM KHOUKHI;QATAR;DEFENSA;FALTA;NO;0;QAT6
135;PEDRO MIGUEL;QATAR;DEFENSA;FALTA;NO;0;QAT7
136;TAREK SALMAN;QATAR;MEDIOCENTRO;FALTA;NO;0;QAT8
137;MOHAMED AL-MANNAI;QATAR;MEDIOCENTRO;FALTA;NO;0;QAT9
138;KARIM BOUDIAF;QATAR;MEDIOCENTRO;FALTA;NO;0;QAT10
139;ASSIM MADIBO;QATAR;MEDIOCENTRO;FALTA;NO;0;QAT11
140;AHMED FATEHI;QATAR;MEDIOCENTRO;FALTA;NO;0;QAT12
141;EQUIPO QATAR;QATAR;OTRO;FALTA;NO;0;QAT13
142;MOHAMMED WAAD;QATAR;MEDIOCENTRO;FALTA;NO;0;QAT14
143;ABDULAZIZ HATEM;QATAR;MEDIOCENTRO;FALTA;NO;0;QAT15
144;HASSAN AL-HAYDOS;QATAR;DELANTERO;FALTA;NO;0;QAT16
145;EDMILSON JUNIOR;QATAR;DELANTERO;FALTA;NO;0;QAT17
146;AKRAM HASSAN AFIF;QATAR;DELANTERO;FALTA;NO;0;QAT18
147;AHMED AL GANEHI;QATAR;DELANTERO;FALTA;NO;0;QAT19
148;ALMOEZ ALI;QATAR;DELANTERO;FALTA;NO;0;QAT20
149;ESCUDO SUIZA;SUIZA;OTRO;FALTA;NO;0;SUI1
150;GREGOR KOBEL;SUIZA;PORTERO;FALTA;NO;0;SUI2
151;YVON MVOGO;SUIZA;PORTERO;FALTA;NO;0;SUI3
152;MANUEL AKANJI;SUIZA;DEFENSA;FALTA;NO;0;SUI4
153;RICARDO RODRIGUEZ;SUIZA;DEFENSA;FALTA;NO;0;SUI5
154;NICO ELVEDI;SUIZA;DEFENSA;FALTA;NO;0;SUI6
155;AURČLE AMENDA;SUIZA;DEFENSA;FALTA;NO;0;SUI7
156;SILVAN WINMER;SUIZA;DEFENSA;FALTA;NO;0;SUI8
157;GRANIT XHAKA;SUIZA;MEDIOCENTRO;FALTA;NO;0;SUI9
158;DENIS ZAKARIA;SUIZA;MEDIOCENTRO;FALTA;NO;0;SUI10
159;REMO FREULER;SUIZA;MEDIOCENTRO;FALTA;NO;0;SUI11
160;FABIAN RIEDER;SUIZA;MEDIOCENTRO;FALTA;NO;0;SUI12
161;EQUIPO SUIZA;SUIZA;OTRO;FALTA;NO;0;SUI13
162;ARDON JASHARI;SUIZA;MEDIOCENTRO;FALTA;NO;0;SUI14
163;JOHAN MANZAMBI;SUIZA;MEDIOCENTRO;FALTA;NO;0;SUI15
164;MICHEL AEBISCHER;SUIZA;MEDIOCENTRO;FALTA;NO;0;SUI16
165;BREEL EMBOLO;SUIZA;DELANTERO;FALTA;NO;0;SUI17
166;RUBEN VARGAS;SUIZA;DELANTERO;FALTA;NO;0;SUI18
167;DAN NDOYE;SUIZA;DELANTERO;FALTA;NO;0;SUI19
168;ZEKI AMDOUNI;SUIZA;DELANTERO;FALTA;NO;0;SUI20
169;ESCUDO BRASIL;BRASIL;OTRO;FALTA;NO;0;BRA1
170;ALISSON;BRASIL;PORTERO;FALTA;NO;0;BRA2
171;BENTO;BRASIL;PORTERO;FALTA;NO;0;BRA3
172;MARQUINHOS;BRASIL;DEFENSA;FALTA;NO;0;BRA4
173;ÉDER MILITĂO;BRASIL;DEFENSA;FALTA;NO;0;BRA5
174;GABRIEL MAGALHĂES;BRASIL;DEFENSA;FALTA;NO;0;BRA6
175;DANILO;BRASIL;DEFENSA;FALTA;NO;0;BRA7
176;WESLEY;BRASIL;DEFENSA;FALTA;NO;0;BRA8
177;LUCAS PAQUETÁ;BRASIL;MEDIOCENTRO;FALTA;NO;0;BRA9
178;CASEMIRO;BRASIL;MEDIOCENTRO;FALTA;NO;0;BRA10
179;BRUNO GUIMARĂES;BRASIL;MEDIOCENTRO;FALTA;NO;0;BRA11
180;LUIZ HENRIQUE;BRASIL;MEDIOCENTRO;FALTA;NO;0;BRA12
181;EQUIPO BRASIL;BRASIL;OTRO;FALTA;NO;0;BRA13
182;VINICIUS JÚNIOR;BRASIL;DELANTERO;FALTA;NO;0;BRA14
183;RODRYGO;BRASIL;DELANTERO;FALTA;NO;0;BRA15
184;JOĂO PEDRO;BRASIL;DELANTERO;FALTA;NO;0;BRA16
185;MATHEUS CUNHA;BRASIL;DELANTERO;FALTA;NO;0;BRA17
186;GABRIEL MARTINELLI;BRASIL;DELANTERO;FALTA;NO;0;BRA18
187;RAPHINHA;BRASIL;DELANTERO;FALTA;NO;0;BRA19
188;ESTÉVĂO;BRASIL;DELANTERO;FALTA;NO;0;BRA20
189;ESCUDO MARRUECOS;MARRUECOS;OTRO;FALTA;NO;0;MARR1
190;YASSINE BOUNOU;MARRUECOS;PORTERO;FALTA;NO;0;MARR2
191;MUNIR EL KAJOUI;MARRUECOS;PORTERO;FALTA;NO;0;MARR3
192;ACHRAF HAKIMI;MARRUECOS;DEFENSA;FALTA;NO;0;MARR4
193;NOUSSAIR MAZRAOUI;MARRUECOS;DEFENSA;FALTA;NO;0;MARR5
194;NAYEF AGUERD;MARRUECOS;DEFENSA;FALTA;NO;0;MARR6
195;ROMAN SAISS;MARRUECOS;DEFENSA;FALTA;NO;0;MARR7
196;JAWAD EL YAMIO;MARRUECOS;DEFENSA;FALTA;NO;0;MARR8
197;ADAM MASINA;MARRUECOS;DEFENSA;FALTA;NO;0;MARR9
198;SOFYAN AMRABAT;MARRUECOS;MEDIOCENTRO;FALTA;NO;0;MARR10
199;AZZEDINE OUNAHI;MARRUECOS;MEDIOCENTRO;FALTA;NO;0;MARR11
200;ELIESSE BEN SEGHIR;MARRUECOS;MEDIOCENTRO;FALTA;NO;0;MARR12
201;EQUIPO MARRUECOS;MARRUECOS;OTRO;FALTA;NO;0;MARR13
202;BILAL EL KHANNOUSS;MARRUECOS;MEDIOCENTRO;FALTA;NO;0;MARR14
203;ISMAEL SAIBARI;MARRUECOS;MEDIOCENTRO;FALTA;NO;0;MARR15
204;YOUSSEF EN-NESYRI;MARRUECOS;DELANTERO;FALTA;NO;0;MARR16
205;ABDE EZZALZOULI;MARRUECOS;DELANTERO;FALTA;NO;0;MARR17
206;SOUFIANE RAHIMI;MARRUECOS;DELANTERO;FALTA;NO;0;MARR18
207;BRAHIM DIAZ;MARRUECOS;DELANTERO;FALTA;NO;0;MARR19
208;AYOUB EL KAABI;MARRUECOS;DELANTERO;FALTA;NO;0;MARR20
209;EQUIPO HAÍTI;HAITÍ;OTRO;FALTA;NO;0;HAI1
210;JOHNY PLACIDE;HAITÍ;PORTERO;FALTA;NO;0;HAI2
211;CARLENS ARCUS;HAITÍ;DEFENSA;FALTA;NO;0;HAI3
212;MARTIN EXPÉRIENCE;HAITÍ;DEFENSA;FALTA;NO;0;HAI4
213;JEAN-KEVIN DUVERNE;HAITÍ;DEFENSA;FALTA;NO;0;HAI5
214;RICARDO ADÉ;HAITÍ;DEFENSA;FALTA;NO;0;HAI6
215;DUKE LACROIX;HAITÍ;DEFENSA;FALTA;NO;0;HAI7
216;GARVEN METUSALA;HAITÍ;DEFENSA;FALTA;NO;0;HAI8
217;HANNES DELCROIX;HAITÍ;DEFENSA;FALTA;NO;0;HAI9
218;LEVERTON PIERRE;HAITÍ;MEDIOCENTRO;FALTA;NO;0;HAI10
219;DANLEY JEAN JACQUES;HAITÍ;MEDIOCENTRO;FALTA;NO;0;HAI11
220;JEAN-RICNER BELLEGARDE;HAITÍ;MEDIOCENTRO;FALTA;NO;0;HAI12
221;EQUIPO HAÍTI;HAITÍ;OTRO;FALTA;NO;0;HAI13
222;CHRISTOPHER ATTYS;HAITÍ;MEDIOCENTRO;FALTA;NO;0;HAI14
223;DERRICK ETIENNE JR;HAITÍ;DELANTERO;FALTA;NO;0;HAI15
224;JOSUE CASIMIR;HAITÍ;DELANTERO;FALTA;NO;0;HAI16
225;RUBEN PROVIDENCE;HAITÍ;DELANTERO;FALTA;NO;0;HAI17
226;DUCKENS NAZON;HAITÍ;DELANTERO;FALTA;NO;0;HAI18
227;LOUICIUS DEEDSON;HAITÍ;DELANTERO;FALTA;NO;0;HAI19
228;FRANTZDY PIERROT;HAITÍ;DELANTERO;FALTA;NO;0;HAI20
229;ESCUDO ESCOCIA;ESCOCIA;OTRO;FALTA;NO;0;ESC1
230;ANGUS GUNN;ESCOCIA;PORTERO;FALTA;NO;0;ESC2
231;JACK HENDRY;ESCOCIA;DEFENSA;FALTA;NO;0;ESC3
232;KIERAN TIERNEY;ESCOCIA;DEFENSA;FALTA;NO;0;ESC4
233;AARON HICKEY;ESCOCIA;DEFENSA;FALTA;NO;0;ESC5
234;ANDREW ROBERTSON;ESCOCIA;DEFENSA;FALTA;NO;0;ESC6
235;SCOTT MCKENNA;ESCOCIA;DEFENSA;FALTA;NO;0;ESC7
236;JOHN SOUTTAR;ESCOCIA;DEFENSA;FALTA;NO;0;ESC8
237;ANTHONY RALSTON;ESCOCIA;DEFENSA;FALTA;NO;0;ESC9
238;GRANT HANLEY;ESCOCIA;DEFENSA;FALTA;NO;0;ESC10
239;SCOTT MCTOMINAY;ESCOCIA;MEDIOCENTRO;FALTA;NO;0;ESC11
240;BILLY GILMOUR;ESCOCIA;MEDIOCENTRO;FALTA;NO;0;ESC12
241;EQUIPO ESCOCIA;ESCOCIA;OTRO;FALTA;NO;0;ESC13
242;LEWIS FERGUSON;ESCOCIA;MEDIOCENTRO;FALTA;NO;0;ESC14
243;RYAN CHRISTIE;ESCOCIA;MEDIOCENTRO;FALTA;NO;0;ESC15
244;KENNY MCLEAN;ESCOCIA;MEDIOCENTRO;FALTA;NO;0;ESC16
245;JOHN MCGINN;ESCOCIA;MEDIOCENTRO;FALTA;NO;0;ESC17
246;LYNDON DYKES;ESCOCIA;DELANTERO;FALTA;NO;0;ESC18
247;CHE ADAMS;ESCOCIA;DELANTERO;FALTA;NO;0;ESC19
248;BEN GANNON-DOAK;ESCOCIA;DELANTERO;FALTA;NO;0;ESC20
249;ESCUDO USA;ESTADOS UNIDOS;OTRO;FALTA;NO;0;USA1
250;MATH FREESE;ESTADOS UNIDOS;PORTERO;FALTA;NO;0;USA2
251;CHRIS RICHARDS;ESTADOS UNIDOS;DEFENSA;FALTA;NO;0;USA3
252;TIM REAM;ESTADOS UNIDOS;DEFENSA;FALTA;NO;0;USA4
253;MARK MCKENZIE;ESTADOS UNIDOS;DEFENSA;FALTA;NO;0;USA5
254;ALEX FREEMAN;ESTADOS UNIDOS;DEFENSA;FALTA;NO;0;USA6
255;ANTONEE ROBINSON;ESTADOS UNIDOS;DEFENSA;FALTA;NO;0;USA7
256;TYLER ADAMS;ESTADOS UNIDOS;MEDIOCENTRO;FALTA;NO;0;USA8
257;TANNER TESSMANN;ESTADOS UNIDOS;MEDIOCENTRO;FALTA;NO;0;USA9
258;WESTON MCKENNY;ESTADOS UNIDOS;MEDIOCENTRO;FALTA;NO;0;USA10
259;CHRISTIAN ROLDAN;ESTADOS UNIDOS;MEDIOCENTRO;FALTA;NO;0;USA11
260;TIMOTHY WEAH;ESTADOS UNIDOS;MEDIOCENTRO;FALTA;NO;0;USA12
261;EQUIPO USA;ESTADOS UNIDOS;OTRO;FALTA;NO;0;USA13
262;DIEGO LUNA;ESTADOS UNIDOS;MEDIOCENTRO;FALTA;NO;0;USA14
263;MALIK TILLMAN;ESTADOS UNIDOS;DELANTERO;FALTA;NO;0;USA15
264;CHRISTIAN PULISIC;ESTADOS UNIDOS;DELANTERO;FALTA;NO;0;USA16
265;BRENDEN AARONSON;ESTADOS UNIDOS;DELANTERO;FALTA;NO;0;USA17
266;RICARDO PEPI;ESTADOS UNIDOS;DELANTERO;FALTA;NO;0;USA18
267;HAJI WRIGHT;ESTADOS UNIDOS;DELANTERO;FALTA;NO;0;USA19
268;FOLARIN BALOGUN;ESTADOS UNIDOS;DELANTERO;FALTA;NO;0;USA20
269;ESCUDO PARAGUAY;PARAGUAY;OTRO;FALTA;NO;0;PAR1
270;ROBERTO FERNANDEZ;PARAGUAY;PORTERO;FALTA;NO;0;PAR2
271;ORLANDO GILL;PARAGUAY;PORTERO;FALTA;NO;0;PAR3
272;GUSTAVO GOMEZ;PARAGUAY;DEFENSA;FALTA;NO;0;PAR4
273;FABIÁN BALBUENA;PARAGUAY;DEFENSA;FALTA;NO;0;PAR5
274;JUAN JOSÉ CÁCERES;PARAGUAY;DEFENSA;FALTA;NO;0;PAR6
275;OMAR ALDERETE;PARAGUAY;DEFENSA;FALTA;NO;0;PAR7
276;JUNIOR ALONSO;PARAGUAY;DEFENSA;FALTA;NO;0;PAR8
277;MATHÍAS VILLASANTI;PARAGUAY;MEDIOCENTRO;FALTA;NO;0;PAR9
278;DIEGO GOMEZ;PARAGUAY;MEDIOCENTRO;FALTA;NO;0;PAR10
279;DAMIÁN BOBADILLA;PARAGUAY;MEDIOCENTRO;FALTA;NO;0;PAR11
280;ANDRES CUBAS;PARAGUAY;MEDIOCENTRO;FALTA;NO;0;PAR12
281;EQUIPO PARAGUAY;PARAGUAY;OTRO;FALTA;NO;0;PAR13
282;MATIAS GALARZA FONDA;PARAGUAY;MEDIOCENTRO;FALTA;NO;0;PAR14
283;JULIO ENCISO;PARAGUAY;MEDIOCENTRO;FALTA;NO;0;PAR15
284;ALEJANDRO ROMERO GAMARRA;PARAGUAY;MEDIOCENTRO;FALTA;NO;0;PAR16
285;MIGUEL ALMIRÓN;PARAGUAY;MEDIOCENTRO;FALTA;NO;0;PAR17
286;RAMON SOSA;PARAGUAY;DELANTERO;FALTA;NO;0;PAR18
287;ANGEL ROMERO;PARAGUAY;DELANTERO;FALTA;NO;0;PAR19
288;ANTONIO SANABRIA;PARAGUAY;DELANTERO;FALTA;NO;0;PAR20
289;ESCUDO AUSTRALIA;AUSTRALIA;OTRO;FALTA;NO;0;AUS1
290;MATHEW RYAN;AUSTRALIA;PORTERO;FALTA;NO;0;AUS2
291;JOE GAUCI;AUSTRALIA;PORTERO;FALTA;NO;0;AUS3
292;HARRY SOUTTAR;AUSTRALIA;DEFENSA;FALTA;NO;0;AUS4
293;ALESSANDRO CIRCATI;AUSTRALIA;DEFENSA;FALTA;NO;0;AUS5
294;JORDAN BOS;AUSTRALIA;DEFENSA;FALTA;NO;0;AUS6
295;AZIZ BEHICH;AUSTRALIA;DEFENSA;FALTA;NO;0;AUS7
296;CAMERON BURGESS;AUSTRALIA;DEFENSA;FALTA;NO;0;AUS8
297;LEWIS MILLER;AUSTRALIA;DEFENSA;FALTA;NO;0;AUS9
298;MILOS DEGENEK;AUSTRALIA;DEFENSA;FALTA;NO;0;AUS10
299;JACKSON IRVINE;AUSTRALIA;MEDIOCENTRO;FALTA;NO;0;AUS11
300;RILEY MCGREE;AUSTRALIA;MEDIOCENTRO;FALTA;NO;0;AUS12
301;EQUIPO AUSTRALIA;AUSTRALIA;OTRO;FALTA;NO;0;AUS13
302;AIDEN O'NEILL;AUSTRALIA;MEDIOCENTRO;FALTA;NO;0;AUS14
303;CONNOR METCALFE;AUSTRALIA;MEDIOCENTRO;FALTA;NO;0;AUS15
304;PATRICK YAZBEK;AUSTRALIA;MEDIOCENTRO;FALTA;NO;0;AUS16
305;CRAIG GOODWIN;AUSTRALIA;DELANTERO;FALTA;NO;0;AUS17
306;KUSINI VENGI;AUSTRALIA;DELANTERO;FALTA;NO;0;AUS18
307;NESTORY IRANKUNDA;AUSTRALIA;DELANTERO;FALTA;NO;0;AUS19
308;MOHAMED TOURÉ;AUSTRALIA;DELANTERO;FALTA;NO;0;AUS20
309;ESCUDO TURQUÍA;TURQUIA;OTRO;FALTA;NO;0;TUR1
310;UGURCAN CAKIR;TURQUIA;;FALTA;NO;0;TUR2
311;MERT MULDUR;TURQUIA;;FALTA;NO;0;TUR3
312;ZEKI CELIK;TURQUIA;;FALTA;NO;0;TUR4
313;ABDULKERIM BARDAKCI;TURQUIA;;FALTA;NO;0;TUR5
314;CAGLAR SOYUNCU;TURQUIA;;FALTA;NO;0;TUR6
315;MERIH DEMIRAL;TURQUIA;;FALTA;NO;0;TUR7
316;FERDI KADIOGLU;TURQUIA;;FALTA;NO;0;TUR8
317;KAAN AYHAN;TURQUIA;;FALTA;NO;0;TUR9
318;ISMAIL YUKSEK;TURQUIA;;FALTA;NO;0;TUR10
319;HAKAN CALHANOGLU;TURQUIA;;FALTA;NO;0;TUR11
320;ORKUN KOKCU;TURQUIA;;FALTA;NO;0;TUR12
321;EQUIPO TURQUÍA;TURQUIA;OTRO;FALTA;NO;0;TUR13
322;ARDA GULER;TURQUIA;;FALTA;NO;0;TUR14
323;IRFAN CAN KAHVECI;TURQUIA;;FALTA;NO;0;TUR15
324;YUNUS AKGUN;TURQUIA;;FALTA;NO;0;TUR16
325;CAN UZUN;TURQUIA;;FALTA;NO;0;TUR17
326;BARIS ALPER YILMAZ;TURQUIA;;FALTA;NO;0;TUR18
327;KEREM AKTURKOGLU;TURQUIA;;FALTA;NO;0;TUR19
328;KENAN YILDIZ;TURQUIA;;FALTA;NO;0;TUR20
329;ESCUDO ALEMANIA;ALEMANIA;OTRO;FALTA;NO;0;ALE1
330;MARC-ANDRÉ TER STEGEN;ALEMANIA;PORTERO;FALTA;NO;0;ALE2
331;JONATHAN TAH;ALEMANIA;DEFENSA;FALTA;NO;0;ALE3
332;DAVID RAUM;ALEMANIA;DEFENSA;FALTA;NO;0;ALE4
333;NICO SCHLOTTERBECK;ALEMANIA;DEFENSA;FALTA;NO;0;ALE5
334;ANTONIO RÜDIGER;ALEMANIA;DEFENSA;FALTA;NO;0;ALE6
335;WALDEMAR ANTON;ALEMANIA;DEFENSA;FALTA;NO;0;ALE7
336;RIDLE BAKU;ALEMANIA;DEFENSA;FALTA;NO;0;ALE8
337;MAXIMILIAN MITTELSTADT;ALEMANIA;DEFENSA;FALTA;NO;0;ALE9
338;JOSHUA KIMMICH;ALEMANIA;MEDIOCENTRO;FALTA;NO;0;ALE10
339;FLORIAN WIRTZ;ALEMANIA;MEDIOCENTRO;FALTA;NO;0;ALE11
340;FELIX NMECHA;ALEMANIA;MEDIOCENTRO;FALTA;NO;0;ALE12
341;EQUIPO ALEMANIA;ALEMANIA;OTRO;FALTA;NO;0;ALE13
342;LEON GORETZKA;ALEMANIA;MEDIOCENTRO;FALTA;NO;0;ALE14
343;JAMAL MUSIALA;ALEMANIA;MEDIOCENTRO;FALTA;NO;0;ALE15
344;SERGE GNABRY;ALEMANIA;DELANTERO;FALTA;NO;0;ALE16
345;KAI HAVERTZ;ALEMANIA;DELANTERO;FALTA;NO;0;ALE17
346;LEROY SANE;ALEMANIA;DELANTERO;FALTA;NO;0;ALE18
347;KARIM ADEYEMI;ALEMANIA;DELANTERO;FALTA;NO;0;ALE19
348;NICK WOLTEMADE;ALEMANIA;DELANTERO;FALTA;NO;0;ALE20
349;ESCUDO CURAZAO;CURAZAO;OTRO;FALTA;NO;0;CUR1
350;ELOY ROOM;CURAZAO;;FALTA;NO;0;CUR2
351;ARMANDO OBISPO;CURAZAO;;FALTA;NO;0;CUR3
352;SHEREL FLORANUS;CURAZAO;;FALTA;NO;0;CUR4
353;JURIEN GAARI;CURAZAO;;FALTA;NO;0;CUR5
354;JOSHUA BRENET;CURAZAO;;FALTA;NO;0;CUR6
355;ROSHON VAN EIJMA;CURAZAO;;FALTA;NO;0;CUR7
356;SHURANDY SAMBO;CURAZAO;;FALTA;NO;0;CUR8
357;LIVANO COMENENCIA;CURAZAO;;FALTA;NO;0;CUR9
358;GODFRIED ROEMERATOE;CURAZAO;;FALTA;NO;0;CUR10
359;JUNINHO BACUNA;CURAZAO;;FALTA;NO;0;CUR11
360;LEANDRO BACUNA;CURAZAO;;FALTA;NO;0;CUR12
361;EQUIPO CURAZAO;CURAZAO;OTRO;FALTA;NO;0;CUR13
362;TAHITH CHONG;CURAZAO;;FALTA;NO;0;CUR14
363;KENJI GORRE;CURAZAO;;FALTA;NO;0;CUR15
364;JEARL MARGARITHA;CURAZAO;;FALTA;NO;0;CUR16
365;JURGEN LOCADIA;CURAZAO;;FALTA;NO;0;CUR17
366;JEREMY ANTONISSE;CURAZAO;;FALTA;NO;0;CUR18
367;GERVANE KASTANEER;CURAZAO;;FALTA;NO;0;CUR19
368;SONTJE HANSEN;CURAZAO;;FALTA;NO;0;CUR20
369;ESCUDO COSTA DE MARFIL;COSTA DE MARFIL;OTRO;FALTA;NO;0;CIV1
370;YAHIA FOFANA;COSTA DE MARFIL;;FALTA;NO;0;CIV2
371;GHISLAIN KONAN;COSTA DE MARFIL;;FALTA;NO;0;CIV3
372;WILFRIED SINGO;COSTA DE MARFIL;;FALTA;NO;0;CIV4
373;ODILON KOSSOUNOU;COSTA DE MARFIL;;FALTA;NO;0;CIV5
374;EVAN NDICKA;COSTA DE MARFIL;;FALTA;NO;0;CIV6
375;WILLY BOLY;COSTA DE MARFIL;;FALTA;NO;0;CIV7
376;EMMANUEL AGBADOU;COSTA DE MARFIL;;FALTA;NO;0;CIV8
377;OUSMANE DIOMANDE;COSTA DE MARFIL;;FALTA;NO;0;CIV9
378;FRANCK KESSIE;COSTA DE MARFIL;;FALTA;NO;0;CIV10
379;SEKO FOFANA;COSTA DE MARFIL;;FALTA;NO;0;CIV11
380;IBRAHIM SANGARE;COSTA DE MARFIL;;FALTA;NO;0;CIV12
381;EQUIPO COSTA DE MARFIL;COSTA DE MARFIL;OTRO;FALTA;NO;0;CIV13
382;JEAN-PHILIPPE GBAMIN;COSTA DE MARFIL;;FALTA;NO;0;CIV14
383;AMAD DIALLO;COSTA DE MARFIL;;FALTA;NO;0;CIV15
384;SÉBASTIEN HALLER;COSTA DE MARFIL;;FALTA;NO;0;CIV16
385;SIMON ADINGRA;COSTA DE MARFIL;;FALTA;NO;0;CIV17
386;YAN DIOMANDE;COSTA DE MARFIL;;FALTA;NO;0;CIV18
387;EVANN GUESSAND;COSTA DE MARFIL;;FALTA;NO;0;CIV19
388;OUMAR DIAKITE;COSTA DE MARFIL;;FALTA;NO;0;CIV20
389;ESCUDO ECUADOR;ECUADOR;OTRO;FALTA;NO;0;ECU1
390;HERNÁN GALÍNDEZ;ECUADOR;;FALTA;NO;0;ECU2
391;GONZALO VALLE;ECUADOR;;FALTA;NO;0;ECU3
392;PIERO HINCAPIÉ;ECUADOR;;FALTA;NO;0;ECU4
393;PERVIS ESTUPIŃÁN;ECUADOR;;FALTA;NO;0;ECU5
394;WILLIAN PACHO;ECUADOR;;FALTA;NO;0;ECU6
395;ÁNGELO PRECIADO;ECUADOR;;FALTA;NO;0;ECU7
396;JOEL ORDÓŃEZ;ECUADOR;;FALTA;NO;0;ECU8
397;MOISES CAICEDO;ECUADOR;;FALTA;NO;0;ECU9
398;ALAN FRANCO;ECUADOR;;FALTA;NO;0;ECU10
399;KENDRY PAEZ;ECUADOR;;FALTA;NO;0;ECU11
400;PEDRO VITE;ECUADOR;;FALTA;NO;0;ECU12
401;EQUIPO ECUADOR;ECUADOR;OTRO;FALTA;NO;0;ECU13
402;JOHN VEBOAH;ECUADOR;;FALTA;NO;0;ECU14
403;LEONARDO CAMPANA;ECUADOR;;FALTA;NO;0;ECU15
404;GONZALO PLATA;ECUADOR;;FALTA;NO;0;ECU16
405;NILSON ANGULO;ECUADOR;;FALTA;NO;0;ECU17
406;ALAN MINDA;ECUADOR;;FALTA;NO;0;ECU18
407;KEVIN RODRIGUEZ;ECUADOR;;FALTA;NO;0;ECU19
408;ENNER VALENCIA;ECUADOR;;FALTA;NO;0;ECU20
409;ESCUDO PAÍSES BAJOS;PAÍSES BAJOS;OTRO;FALTA;NO;0;NED1
410;BART VERBRUGGEN;PAÍSES BAJOS;PORTERO;FALTA;NO;0;NED2
411;VIRGIL VAN DIJK;PAÍSES BAJOS;DEFENSA;FALTA;NO;0;NED3
412;MICKY VAN DE VEN;PAÍSES BAJOS;DEFENSA;FALTA;NO;0;NED4
413;JURRIEN TIMBER;PAÍSES BAJOS;DEFENSA;FALTA;NO;0;NED5
414;DENZEL DUMFRIES;PAÍSES BAJOS;DEFENSA;FALTA;NO;0;NED6
415;NATHAN AKÉ;PAÍSES BAJOS;DEFENSA;FALTA;NO;0;NED7
416;JEREMIE FRIMPONG;PAÍSES BAJOS;DEFENSA;FALTA;NO;0;NED8
417;JAN PAUL VAN HECKE;PAÍSES BAJOS;DEFENSA;FALTA;NO;0;NED9
418;TIJJANI REIJNDERS;PAÍSES BAJOS;MEDIOCENTRO;FALTA;NO;0;NED10
419;RYAN GRAVENBERCH;PAÍSES BAJOS;MEDIOCENTRO;FALTA;NO;0;NED11
420;TEUN KOOPMEINERS;PAÍSES BAJOS;MEDIOCENTRO;FALTA;NO;0;NED12
421;EQUIPO PAÍSES BAJOS;PAÍSES BAJOS;OTRO;FALTA;NO;0;NED13
422;FRENKIE DE JONG;PAÍSES BAJOS;MEDIOCENTRO;FALTA;NO;0;NED14
423;XAVI SIMONS;PAÍSES BAJOS;MEDIOCENTRO;FALTA;NO;0;NED15
424;JUSTIN KLUIVERT;PAÍSES BAJOS;DELANTERO;FALTA;NO;0;NED16
425;MEMPHIS DEPAY;PAÍSES BAJOS;DELANTERO;FALTA;NO;0;NED17
426;DONYELL MALEN;PAÍSES BAJOS;DELANTERO;FALTA;NO;0;NED18
427;WOUT WEGHORST;PAÍSES BAJOS;DELANTERO;FALTA;NO;0;NED19
428;CODY GAKPO;PAÍSES BAJOS;DELANTERO;FALTA;NO;0;NED20
429;ESCUDO JAPÓN;JAPÓN;OTRO;FALTA;NO;0;JAP1
430;ZION SUZUKI;JAPÓN;;FALTA;NO;0;JAP2
431;HENRY HEROKI MOCHIZUKI;JAPÓN;;FALTA;NO;0;JAP3
432;AYUMU SEKO;JAPÓN;;FALTA;NO;0;JAP4
433;JUNNOSUKE SUZUKI;JAPÓN;;FALTA;NO;0;JAP5
434;SHOGO TANIGUCHI;JAPÓN;;FALTA;NO;0;JAP6
435;TSUYOSHI WATANABE;JAPÓN;;FALTA;NO;0;JAP7
436;KAISHU SANO;JAPÓN;;FALTA;NO;0;JAP8
437;YUKI SOMA;JAPÓN;;FALTA;NO;0;JAP9
438;AO TANAKA;JAPÓN;;FALTA;NO;0;JAP10
439;DAICHI KAMADA;JAPÓN;;FALTA;NO;0;JAP11
440;TAKEFUSA KUBO;JAPÓN;;FALTA;NO;0;JAP12
441;EQUIPO JAPÓN;JAPÓN;OTRO;FALTA;NO;0;JAP13
442;RITSU DOAN;JAPÓN;;FALTA;NO;0;JAP14
443;KEITO NAKAMURA;JAPÓN;;FALTA;NO;0;JAP15
444;TAKUMI MINAMINO;JAPÓN;;FALTA;NO;0;JAP16
445;SHUTO MACHINO;JAPÓN;;FALTA;NO;0;JAP17
446;JUNYA ITO;JAPÓN;;FALTA;NO;0;JAP18
447;KOKI OGAWA;JAPÓN;;FALTA;NO;0;JAP19
448;AYASE UEDA;JAPÓN;;FALTA;NO;0;JAP20
449;ESCUDO SUECIA;SUECIA;OTRO;FALTA;NO;0;SUE1
450;VICTOR JOHANNESSON;SUECIA;;FALTA;NO;0;SUE2
451;ISAK HIEN;SUECIA;;FALTA;NO;0;SUE3
452;GABRIEL GUDMUNDSSON;SUECIA;;FALTA;NO;0;SUE4
453;EMIL HOLM;SUECIA;;FALTA;NO;0;SUE5
454;VICTOR NILSSON LINDELÖF;SUECIA;;FALTA;NO;0;SUE6
455;GUSTAF LAGERBIELKE;SUECIA;;FALTA;NO;0;SUE7
456;LUCAS BERGVALL;SUECIA;;FALTA;NO;0;SUE8
457;HUGO LARSSON;SUECIA;;FALTA;NO;0;SUE9
458;JESPER KARLSTRÖM;SUECIA;;FALTA;NO;0;SUE10
459;YASIN AYARI;SUECIA;;FALTA;NO;0;SUE11
460;MATTIAS SVANBERG;SUECIA;;FALTA;NO;0;SUE12
461;EQUIPO SUECIA;SUECIA;OTRO;FALTA;NO;0;SUE13
462;DANIEL SVENSSON;SUECIA;;FALTA;NO;0;SUE14
463;KEN SEMA;SUECIA;;FALTA;NO;0;SUE15
464;ROONY BARDGHJI;SUECIA;;FALTA;NO;0;SUE16
465;DEJAN KULUSEVSKI;SUECIA;;FALTA;NO;0;SUE17
466;ANTHONY ELANGA;SUECIA;;FALTA;NO;0;SUE18
467;ALEXANDER ISAK;SUECIA;;FALTA;NO;0;SUE19
468;VIKTOR GYÖKERES;SUECIA;;FALTA;NO;0;SUE20
469;ESCUDO TUNEZ;TUNEZ;OTRO;FALTA;NO;0;TUN1
470;BECHIR BEN SAID;TUNEZ;;FALTA;NO;0;TUN2
471;AYMEN DAHMEN;TUNEZ;;FALTA;NO;0;TUN3
472;YAN VALERY;TUNEZ;;FALTA;NO;0;TUN4
473;MONTASSAR TALBI;TUNEZ;;FALTA;NO;0;TUN5
474;YASSINE MERIAH;TUNEZ;;FALTA;NO;0;TUN6
475;ALI ABDI;TUNEZ;;FALTA;NO;0;TUN7
476;DYLAN BRONN;TUNEZ;;FALTA;NO;0;TUN8
477;ELLYES SKHIRI;TUNEZ;;FALTA;NO;0;TUN9
478;AISSA LAIDOUNI;TUNEZ;;FALTA;NO;0;TUN10
479;FERJANI SASSI;TUNEZ;;FALTA;NO;0;TUN11
480;MOHAMED ALI BEN ROMDHANE;TUNEZ;;FALTA;NO;0;TUN12
481;EQUIPO TUNEZ;TUNEZ;OTRO;FALTA;NO;0;TUN13
482;HANNIBAL MEJBRI;TUNEZ;;FALTA;NO;0;TUN14
483;ELIAS ACHOURI;TUNEZ;;FALTA;NO;0;TUN15
484;ELIAS SAAD;TUNEZ;;FALTA;NO;0;TUN16
485;HAZEM MASTOURI;TUNEZ;;FALTA;NO;0;TUN17
486;ISMAEL GHARBI;TUNEZ;;FALTA;NO;0;TUN18
487;SAYFALLAH LTAIEF;TUNEZ;;FALTA;NO;0;TUN19
488;NAIM SLITI;TUNEZ;;FALTA;NO;0;TUN20
489;ESCUDO BÉLGICA;BÉLGICA;OTRO;FALTA;NO;0;BEL1
490;THIBAUT COURTOIS;BÉLGICA;PORTERO;FALTA;NO;0;BEL2
491;ARTHUR THEATE;BÉLGICA;DEFENSA;FALTA;NO;0;BEL3
492;TIMOTHY CASTAGNE;BÉLGICA;DEFENSA;FALTA;NO;0;BEL4
493;ZENO DEBAST;BÉLGICA;DEFENSA;FALTA;NO;0;BEL5
494;BRANDON MECHELE;BÉLGICA;DEFENSA;FALTA;NO;0;BEL6
495;MAXIM DE CUYPER;BÉLGICA;DEFENSA;FALTA;NO;0;BEL7
496;THOMAS MEUNIER;BÉLGICA;DEFENSA;FALTA;NO;0;BEL8
497;YOURI TIELEMANS;BÉLGICA;MEDIOCENTRO;FALTA;NO;0;BEL9
498;AMADOU ONANA;BÉLGICA;MEDIOCENTRO;FALTA;NO;0;BEL10
499;NICOLAS RASKIN;BÉLGICA;MEDIOCENTRO;FALTA;NO;0;BEL11
500;ALEXIS SAELEMAEKERS;BÉLGICA;MEDIOCENTRO;FALTA;NO;0;BEL12
501;EQUIPO BÉLGICA;BÉLGICA;OTRO;FALTA;NO;0;BEL13
502;HANS VANAKEN;BÉLGICA;MEDIOCENTRO;FALTA;NO;0;BEL14
503;KEVIN DE BRUYNE;BÉLGICA;MEDIOCENTRO;FALTA;NO;0;BEL15
504;JÉRÉMY DOKU;BÉLGICA;DELANTERO;FALTA;NO;0;BEL16
505;CHARLES DE KETELAERE;BÉLGICA;DELANTERO;FALTA;NO;0;BEL17
506;LEANDRO TROSSARD;BÉLGICA;DELANTERO;FALTA;NO;0;BEL18
507;LOĎS OPENDA;BÉLGICA;DELANTERO;FALTA;NO;0;BEL19
508;ROMELU LUKAKU;BÉLGICA;DELANTERO;FALTA;NO;0;BEL20
509;ESCUDO EGIPTO;EGIPTO;OTRO;FALTA;NO;0;EGI1
510;MOHAMED EL SHENAWY;EGIPTO;;FALTA;NO;0;EGI2
511;MOHAMED HANY;EGIPTO;;FALTA;NO;0;EGI3
512;MOHAMED HAMDY;EGIPTO;;FALTA;NO;0;EGI4
513;YASSER IBRAHIM;EGIPTO;;FALTA;NO;0;EGI5
514;KHALED SOBHI;EGIPTO;;FALTA;NO;0;EGI6
515;RAMY RABIA;EGIPTO;;FALTA;NO;0;EGI7
516;HOSSAM ABDELMAGUID;EGIPTO;;FALTA;NO;0;EGI8
517;AHMED FATOUH;EGIPTO;;FALTA;NO;0;EGI9
518;MARWAN ATTIA;EGIPTO;;FALTA;NO;0;EGI10
519;ZIZO;EGIPTO;;FALTA;NO;0;EGI11
520;HAMDY FATHY;EGIPTO;;FALTA;NO;0;EGI12
521;EQUIPO EGIPTO;EGIPTO;OTRO;FALTA;NO;0;EGI13
522;MOHAMED LASHEEN;EGIPTO;;FALTA;NO;0;EGI14
523;EMAM ASHOUR;EGIPTO;;FALTA;NO;0;EGI15
524;OSAMA FAISAL;EGIPTO;;FALTA;NO;0;EGI16
525;MOHAMED SALAH;EGIPTO;;FALTA;NO;0;EGI17
526;MOSTAFA MOHAMED;EGIPTO;;FALTA;NO;0;EGI18
527;TREZEGUET;EGIPTO;;FALTA;NO;0;EGI19
528;OMAR MARMOUSH;EGIPTO;;FALTA;NO;0;EGI20
529;ESCUDO IRAN;IRAN;OTRO;FALTA;NO;0;IRA1
530;ALIREZA BEIRANVAND;IRAN;;FALTA;NO;0;IRA2
531;MORTEZA POURALIGANJI;IRAN;;FALTA;NO;0;IRA3
532;EHSAN HAJSAFI;IRAN;;FALTA;NO;0;IRA4
533;MILAD MOHAMMADY;IRAN;;FALTA;NO;0;IRA5
534;SHOJAE KHALILZADEH;IRAN;;FALTA;NO;0;IRA6
535;RAMIN REZAEIAN;IRAN;;FALTA;NO;0;IRA7
536;HOSSEIN KANAANI;IRAN;;FALTA;NO;0;IRA8
537;SADEGH MOHARRAMI;IRAN;;FALTA;NO;0;IRA9
538;SALEH HARDANI;IRAN;;FALTA;NO;0;IRA10
539;SAEED EZATOLAHI;IRAN;;FALTA;NO;0;IRA11
540;SAMAN GHODDOS;IRAN;;FALTA;NO;0;IRA12
541;EQUIPO IRAN;IRAN;OTRO;FALTA;NO;0;IRA13
542;OMID NOORAFKAN;IRAN;;FALTA;NO;0;IRA14
543;ROOZBEH CHESHMI;IRAN;;FALTA;NO;0;IRA15
544;MOHAMMAD MOHEBI;IRAN;;FALTA;NO;0;IRA16
545;SARDAR AZMOUN;IRAN;;FALTA;NO;0;IRA17
546;MEHDI TAREMI;IRAN;;FALTA;NO;0;IRA18
547;ALIREZA JAHANBAKHSH;IRAN;;FALTA;NO;0;IRA19
548;ALI GHOLIZADEH;IRAN;;FALTA;NO;0;IRA20
549;ESCUDO NUEVA ZELANDA;NUEVA ZELANDA;OTRO;FALTA;NO;0;NZE1
550;MAX CROCOMBE PAYNE;NUEVA ZELANDA;;FALTA;NO;0;NZE2
551;ALEX PAULSEN;NUEVA ZELANDA;;FALTA;NO;0;NZE3
552;MICHAEL BOXALL;NUEVA ZELANDA;;FALTA;NO;0;NZE4
553;LIBERATO CACACE;NUEVA ZELANDA;;FALTA;NO;0;NZE5
554;TIM PAYNE;NUEVA ZELANDA;;FALTA;NO;0;NZE6
555;TYLER BINDON;NUEVA ZELANDA;;FALTA;NO;0;NZE7
556;FRANCIS DE VRIES;NUEVA ZELANDA;;FALTA;NO;0;NZE8
557;FINN SURMAN;NUEVA ZELANDA;;FALTA;NO;0;NZE9
558;JOE BELL;NUEVA ZELANDA;;FALTA;NO;0;NZE10
559;SARPREET SINGH;NUEVA ZELANDA;;FALTA;NO;0;NZE11
560;RYAN THOMAS;NUEVA ZELANDA;;FALTA;NO;0;NZE12
561;EQUIPO NUEVA ZELANDA;NUEVA ZELANDA;OTRO;FALTA;NO;0;NZE13
562;MATTHEW GARBETT;NUEVA ZELANDA;;FALTA;NO;0;NZE14
563;MARKO STAMENI?;NUEVA ZELANDA;;FALTA;NO;0;NZE15
564;BEN OLD;NUEVA ZELANDA;;FALTA;NO;0;NZE16
565;CHRIS WOOD;NUEVA ZELANDA;;FALTA;NO;0;NZE17
566;ELIJAH JUST;NUEVA ZELANDA;;FALTA;NO;0;NZE18
567;CALLUM MCCOWATT;NUEVA ZELANDA;;FALTA;NO;0;NZE19
568;KOSTA BARBAROUSES;NUEVA ZELANDA;;FALTA;NO;0;NZE20
569;ESCUDO ESPAŃA;ESPAŃA;OTRO;FALTA;NO;0;ESP1
570;UNAI SIMON;ESPAŃA;PORTERO;FALTA;NO;0;ESP2
571;ROBIN LE NORMAND;ESPAŃA;DEFENSA;FALTA;NO;0;ESP3
572;AYMERIC LAPORTE;ESPAŃA;DEFENSA;FALTA;NO;0;ESP4
573;DEAN HUIJSEN;ESPAŃA;DEFENSA;FALTA;NO;0;ESP5
574;PEDRO PORRO;ESPAŃA;DEFENSA;FALTA;NO;0;ESP6
575;DANI CARVAJAL;ESPAŃA;DEFENSA;FALTA;NO;0;ESP7
576;MARC CUCURELLA;ESPAŃA;DEFENSA;FALTA;NO;0;ESP8
577;MARTÍN ZUBIMENDI;ESPAŃA;MEDIOCENTRO;FALTA;NO;0;ESP9
578;RODRI;ESPAŃA;MEDIOCENTRO;FALTA;NO;0;ESP10
579;PEDRI;ESPAŃA;MEDIOCENTRO;FALTA;NO;0;ESP11
580;FABIAN RUIZ;ESPAŃA;MEDIOCENTRO;FALTA;NO;0;ESP12
581;EQUIPO ESPAŃA;ESPAŃA;OTRO;FALTA;NO;0;ESP13
582;MIKEL MERINO;ESPAŃA;MEDIOCENTRO;FALTA;NO;0;ESP14
583;LAMINE YAMAL;ESPAŃA;DELANTERO;FALTA;NO;0;ESP15
584;DANI OLMO;ESPAŃA;DELANTERO;FALTA;NO;0;ESP16
585;NICO WILLIAMS;ESPAŃA;DELANTERO;FALTA;NO;0;ESP17
586;FERRAN TORRES;ESPAŃA;DELANTERO;FALTA;NO;0;ESP18
587;ÁLVARO MORATA;ESPAŃA;DELANTERO;FALTA;NO;0;ESP19
588;MIKEL OYARZABAL;ESPAŃA;DELANTERO;FALTA;NO;0;ESP20
589;ESCUDO CABO VERDE;CABO VERDE;OTRO;FALTA;NO;0;CPV1
590;VOZINHA;CABO VERDE;;FALTA;NO;0;CPV2
591;LOGAN COSTA;CABO VERDE;;FALTA;NO;0;CPV3
592;PICO;CABO VERDE;;FALTA;NO;0;CPV4
593;DINEY;CABO VERDE;;FALTA;NO;0;CPV5
594;STEVEN MOREIRA;CABO VERDE;;FALTA;NO;0;CPV6
595;WAGNER PINA;CABO VERDE;;FALTA;NO;0;CPV7
596;JOAO PAULO;CABO VERDE;;FALTA;NO;0;CPV8
597;YANNICK SEMEDO;CABO VERDE;;FALTA;NO;0;CPV9
598;KEVIN PINA;CABO VERDE;;FALTA;NO;0;CPV10
599;PATRICK ANDRADE;CABO VERDE;;FALTA;NO;0;CPV11
600;JAMIRO MONTEIRO;CABO VERDE;;FALTA;NO;0;CPV12
601;EQUIPO CABO VERDDE;CABO VERDE;OTRO;FALTA;NO;0;CPV13
602;DEROY DUARTE;CABO VERDE;;FALTA;NO;0;CPV14
603;GARRY RODRIGUES;CABO VERDE;;FALTA;NO;0;CPV15
604;JOVANE CABRAL;CABO VERDE;;FALTA;NO;0;CPV16
605;RYAN MENDES;CABO VERDE;;FALTA;NO;0;CPV17
606;DAILON LIVRAMENTO;CABO VERDE;;FALTA;NO;0;CPV18
607;WILLY SEMEDO;CABO VERDE;;FALTA;NO;0;CPV19
608;BEBE;CABO VERDE;;FALTA;NO;0;CPV20
609;ESCUDO ARABIA SAUDI;ARABIA SAUDÍ;OTRO;FALTA;NO;0;KSA1
610;NAWAF ALAQIDI;ARABIA SAUDÍ;;FALTA;NO;0;KSA2
611;ABDULRAHMAN AL-SANBI;ARABIA SAUDÍ;;FALTA;NO;0;KSA3
612;SAUD ABDULHAMID;ARABIA SAUDÍ;;FALTA;NO;0;KSA4
613;NAWAF BOUWASHL;ARABIA SAUDÍ;;FALTA;NO;0;KSA5
614;JIHAD THAKRI;ARABIA SAUDÍ;;FALTA;NO;0;KSA6
615;MOTEB AL-HARBI;ARABIA SAUDÍ;;FALTA;NO;0;KSA7
616;HASSAN ALTAMBAKTI;ARABIA SAUDÍ;;FALTA;NO;0;KSA8
617;MUSAB ALJUWAYR;ARABIA SAUDÍ;;FALTA;NO;0;KSA9
618;ZIYAD ALJOHANI;ARABIA SAUDÍ;;FALTA;NO;0;KSA10
619;ABDULLAH ALKHAIBARI;ARABIA SAUDÍ;;FALTA;NO;0;KSA11
620;NASSER ALDAWSARI;ARABIA SAUDÍ;;FALTA;NO;0;KSA12
621;EQUIPO ARABIA SAUDI;ARABIA SAUDÍ;OTRO;FALTA;NO;0;KSA13
622;SALEH ABU ALSHAMAT;ARABIA SAUDÍ;;FALTA;NO;0;KSA14
623;MARWAN ALSAHAFI;ARABIA SAUDÍ;;FALTA;NO;0;KSA15
624;SALEM ALDAWSARI;ARABIA SAUDÍ;;FALTA;NO;0;KSA16
625;ABDULRAHMAN AL-ABOUD;ARABIA SAUDÍ;;FALTA;NO;0;KSA17
626;FERAS AKBRIKAN;ARABIA SAUDÍ;;FALTA;NO;0;KSA18
627;SALEH ALSHEHRI;ARABIA SAUDÍ;;FALTA;NO;0;KSA19
628;ABDULLAH AL-HAMDAN;ARABIA SAUDÍ;;FALTA;NO;0;KSA20
629;ESCUDO URUGUAY;URUGUAY;OTRO;FALTA;NO;0;URU1
630;SERGIO ROCHET;URUGUAY;;FALTA;NO;0;URU2
631;SANTIAGO MELE;URUGUAY;;FALTA;NO;0;URU3
632;RONALD ARAUJO;URUGUAY;;FALTA;NO;0;URU4
633;JOSÉ MARÍA GIMÉNEZ;URUGUAY;;FALTA;NO;0;URU5
634;SEBASTIAN CACERES;URUGUAY;;FALTA;NO;0;URU6
635;MATHIAS OLIVERA;URUGUAY;;FALTA;NO;0;URU7
636;GUILLERMO VARELA;URUGUAY;;FALTA;NO;0;URU8
637;NAHITAN NANDEZ;URUGUAY;;FALTA;NO;0;URU9
638;FEDERICO VALVERDE;URUGUAY;;FALTA;NO;0;URU10
639;GIORGIAN DE ARRASCAETA;URUGUAY;;FALTA;NO;0;URU11
640;RODRIGO BENTANCUR;URUGUAY;;FALTA;NO;0;URU12
641;EQUIPO URUGUAY;URUGUAY;OTRO;FALTA;NO;0;URU13
642;MANUEL UGARTE;URUGUAY;;FALTA;NO;0;URU14
643;NICOLÁS DE LA CRUZ;URUGUAY;;FALTA;NO;0;URU15
644;MAXI ARAUJO;URUGUAY;;FALTA;NO;0;URU16
645;DARWIN NÚŃEZ;URUGUAY;;FALTA;NO;0;URU17
646;FEDERICO VIŃAS;URUGUAY;;FALTA;NO;0;URU18
647;RODRIGO AGUIRRE;URUGUAY;;FALTA;NO;0;URU19
648;FACUNDO PELLISTRI;URUGUAY;;FALTA;NO;0;URU20
649;ESCUDO FRANCIA;FRANCIA;OTRO;FALTA;NO;0;FRA1
650;MIKE MAIGNAN;FRANCIA;PORTERO;FALTA;NO;0;FRA2
651;THEO HERNANDEZ;FRANCIA;DEFENSA;FALTA;NO;0;FRA3
652;WILLIAM SALIBA;FRANCIA;DEFENSA;FALTA;NO;0;FRA4
653;JULES KOUNDE;FRANCIA;DEFENSA;FALTA;NO;0;FRA5
654;IBRAHIMA KONATE;FRANCIA;DEFENSA;FALTA;NO;0;FRA6
655;DAYOT UPAMECANO;FRANCIA;DEFENSA;FALTA;NO;0;FRA7
656;LUCAS DIGNE;FRANCIA;DEFENSA;FALTA;NO;0;FRA8
657;AURÉLIEN TCHOUAMÉNI;FRANCIA;MEDIOCENTRO;FALTA;NO;0;FRA9
658;EDUARDO CAMAVINGA;FRANCIA;MEDIOCENTRO;FALTA;NO;0;FRA10
659;MANU KONE;FRANCIA;MEDIOCENTRO;FALTA;NO;0;FRA11
660;ADRIEN RABIOT;FRANCIA;MEDIOCENTRO;FALTA;NO;0;FRA12
661;EQUIPO FRANCIA;FRANCIA;OTRO;FALTA;NO;0;FRA13
662;MICHAEL OLISE;FRANCIA;MEDIOCENTRO;FALTA;NO;0;FRA14
663;OUSMANE DEMBELE;FRANCIA;DELANTERO;FALTA;NO;0;FRA15
664;BRADLEY BARCOLA;FRANCIA;DELANTERO;FALTA;NO;0;FRA16
665;DÉSIRÉ DOUÉ;FRANCIA;DELANTERO;FALTA;NO;0;FRA17
666;KINGSLEY COMAN;FRANCIA;DELANTERO;FALTA;NO;0;FRA18
667;HUGO EKITIKE;FRANCIA;DELANTERO;FALTA;NO;0;FRA19
668;KYLIAN MBAPPE;FRANCIA;DELANTERO;FALTA;NO;0;FRA20
669;ESCUDO SENEGAL;SENEGAL;OTRO;FALTA;NO;0;SEN1
670;EDOUARD MENDY;SENEGAL;;FALTA;NO;0;SEN2
671;YEHVANN DIOUF;SENEGAL;;FALTA;NO;0;SEN3
672;MOUSSA NIAKHATÉ;SENEGAL;;FALTA;NO;0;SEN4
673;ABDOULAYE SECK;SENEGAL;;FALTA;NO;0;SEN5
674;ISMAIL JAKOBS;SENEGAL;;FALTA;NO;0;SEN6
675;EL HADJI MALICK DIOUF;SENEGAL;;FALTA;NO;0;SEN7
676;KALIDOU KOULIBALY;SENEGAL;;FALTA;NO;0;SEN8
677;IDRISSA GANA GUEYE;SENEGAL;;FALTA;NO;0;SEN9
678;PAPE MATAR SARR;SENEGAL;;FALTA;NO;0;SEN10
679;PAPE GUEYE;SENEGAL;;FALTA;NO;0;SEN11
680;HABIB DIARRA;SENEGAL;;FALTA;NO;0;SEN12
681;EQUIPO SENEGAL;SENEGAL;OTRO;FALTA;NO;0;SEN13
682;LAMINE CAMARA;SENEGAL;;FALTA;NO;0;SEN14
683;SADIO MANE;SENEGAL;;FALTA;NO;0;SEN15
684;ISMAĎLA SARR;SENEGAL;;FALTA;NO;0;SEN16
685;BOULAYE DIA;SENEGAL;;FALTA;NO;0;SEN17
686;ILIMAN NDIAYE;SENEGAL;;FALTA;NO;0;SEN18
687;NICOLAS JACKSON;SENEGAL;;FALTA;NO;0;SEN19
688;KREPIN DIATTA;SENEGAL;;FALTA;NO;0;SEN20
689;ESCUDO IRAK ;IRAK;OTRO;FALTA;NO;0;IRK1
690;JALAL HASSAN;IRAK;;FALTA;NO;0;IRK2
691;REBIN SULAKA;IRAK;;FALTA;NO;0;IRK3
692;HUSSEIN ALI;IRAK;;FALTA;NO;0;IRK4
693;AKAM HASHEM;IRAK;;FALTA;NO;0;IRK5
694;MERCHAS DOSKI;IRAK;;FALTA;NO;0;IRK6
695;ZAID TAHSEEN;IRAK;;FALTA;NO;0;IRK7
696;MANAF YOUNIS;IRAK;;FALTA;NO;0;IRK8
697;ZIDANE IQBAL;IRAK;;FALTA;NO;0;IRK9
698;AMIR AL-AMMARI;IRAK;;FALTA;NO;0;IRK10
699;IBRAHIM BAVESH;IRAK;;FALTA;NO;0;IRK11
700;ALI JASIM;IRAK;;FALTA;NO;0;IRK12
701;EQUIPO IRAK;IRAK;OTRO;FALTA;NO;0;IRK13
702;YOUSSEF AMYN;IRAK;;FALTA;NO;0;IRK14
703;AIMAR SHER;IRAK;;FALTA;NO;0;IRK15
704;MARKO FARJI;IRAK;;FALTA;NO;0;IRK16
705;OSAMA RASHID;IRAK;;FALTA;NO;0;IRK17
706;ALI AL-HAMADI;IRAK;;FALTA;NO;0;IRK18
707;AYMEN HUSSEIN;IRAK;;FALTA;NO;0;IRK19
708;MOHANAD ALI;IRAK;;FALTA;NO;0;IRK20
709;ESCUDO NORUEGA;NORUEGA;OTRO;FALTA;NO;0;NOR1
710;ORJAN NYLAND;NORUEGA;;FALTA;NO;0;NOR2
711;JULIAN RYERSON;NORUEGA;;FALTA;NO;0;NOR3
712;LEO OSTIGĹRD;NORUEGA;;FALTA;NO;0;NOR4
713;KRISTOFFER VASSBAKK AJER;NORUEGA;;FALTA;NO;0;NOR5
714;MARCUS HOLMGREN PEDERSEN;NORUEGA;;FALTA;NO;0;NOR6
715;DAVID MŘLLER WOLFE;NORUEGA;;FALTA;NO;0;NOR7
716;TORBJŘRN HEGGEM;NORUEGA;;FALTA;NO;0;NOR8
717;MORTEN THORSBY;NORUEGA;;FALTA;NO;0;NOR9
718;MARTIN ŘDEGAARD;NORUEGA;;FALTA;NO;0;NOR10
719;SANDER BERGE;NORUEGA;;FALTA;NO;0;NOR11
720;ANDREAS SCHJELDERUP;NORUEGA;;FALTA;NO;0;NOR12
721;EQUIPO NORUEGA;NORUEGA;OTRO;FALTA;NO;0;NOR13
722;PATRICK BERG;NORUEGA;;FALTA;NO;0;NOR14
723;ERLING HAALAND;NORUEGA;;FALTA;NO;0;NOR15
724;ALEXANDER SŘRLOTH;NORUEGA;;FALTA;NO;0;NOR16
725;ARON DŘNNUM;NORUEGA;;FALTA;NO;0;NOR17
726;JORGEN STRAND LARSEN;NORUEGA;;FALTA;NO;0;NOR18
727;ANTONIO NUSA;NORUEGA;;FALTA;NO;0;NOR19
728;OSCAR BOBB;NORUEGA;;FALTA;NO;0;NOR20
729;ESCUDO ARGENTINA;ARGENTINA;OTRO;FALTA;NO;0;ARG1
730;EMILIANO MARTINEZ;ARGENTINA;PORTERO;FALTA;NO;0;ARG2
731;NAHUEL MOLINA;ARGENTINA;DEFENSA;FALTA;NO;0;ARG3
732;CRISTIAN ROMERO;ARGENTINA;DEFENSA;FALTA;NO;0;ARG4
733;NICOLAS OTAMENDI;ARGENTINA;DEFENSA;FALTA;NO;0;ARG5
734;NICOLAS TAGLIAFICO;ARGENTINA;DEFENSA;FALTA;NO;0;ARG6
735;LEONARDO BALERDI;ARGENTINA;DEFENSA;FALTA;NO;0;ARG7
736;ENZO FERNANDEZ;ARGENTINA;MEDIOCENTRO;FALTA;NO;0;ARG8
737;ALEXIS MAC ALLISTER;ARGENTINA;MEDIOCENTRO;FALTA;NO;0;ARG9
738;RODRIGO DE PAUL;ARGENTINA;MEDIOCENTRO;FALTA;NO;0;ARG10
739;EXEQUIEL PALACIOS;ARGENTINA;MEDIOCENTRO;FALTA;NO;0;ARG11
740;LEANDRO PAREDES;ARGENTINA;MEDIOCENTRO;FALTA;NO;0;ARG12
741;EQUIPO ARGENTINA;ARGENTINA;OTRO;FALTA;NO;0;ARG13
742;NICO PAZ;ARGENTINA;MEDIOCENTRO;FALTA;NO;0;ARG14
743;FRANCO MASTANTUONO;ARGENTINA;DELANTERO;FALTA;NO;0;ARG15
744;NICO GONZALEZ;ARGENTINA;DELANTERO;FALTA;NO;0;ARG16
745;LIONEL MESSI;ARGENTINA;DELANTERO;FALTA;NO;0;ARG17
746;LAUTARO MARTINEZ;ARGENTINA;DELANTERO;FALTA;NO;0;ARG18
747;JULIAN ALVAREZ;ARGENTINA;DELANTERO;FALTA;NO;0;ARG19
748;GIULIANO SIMEONE;ARGENTINA;DELANTERO;FALTA;NO;0;ARG20
749;ESCUDO ARGELIA;ARGELIA;OTRO;FALTA;NO;0;ALG1
750;ALEXIS GUENDOUZ;ARGELIA;;FALTA;NO;0;ALG2
751;RAMY BENSEBAINI;ARGELIA;;FALTA;NO;0;ALG3
752;YOUCEF ATAL;ARGELIA;;FALTA;NO;0;ALG4
753;RAYAN AĎT-NOURI;ARGELIA;;FALTA;NO;0;ALG5
754;MOHAMED AMINE TOUGAI;ARGELIA;;FALTA;NO;0;ALG6
755;AĎSSA MANDI;ARGELIA;;FALTA;NO;0;ALG7
756;ISMAEL BENNACER;ARGELIA;;FALTA;NO;0;ALG8
757;HOUSSEM AQUAR;ARGELIA;;FALTA;NO;0;ALG9
758;HICHAM BOUDAOUI;ARGELIA;;FALTA;NO;0;ALG10
759;RAMIZ ZERROUKI;ARGELIA;;FALTA;NO;0;ALG11
760;NABIL BENTALAB;ARGELIA;;FALTA;NO;0;ALG12
761;EQUIPO ARGELIA;ARGELIA;OTRO;FALTA;NO;0;ALG13
762;FARÉS CHAIBI;ARGELIA;;FALTA;NO;0;ALG14
763;RIYAD MAHREZ;ARGELIA;;FALTA;NO;0;ALG15
764;SAID BENRAHMA;ARGELIA;;FALTA;NO;0;ALG16
765;ANIS HADJ MOUSSA;ARGELIA;;FALTA;NO;0;ALG17
766;AMINE GOUIRI;ARGELIA;;FALTA;NO;0;ALG18
767;BAGHDAD BOUNEDJAH;ARGELIA;;FALTA;NO;0;ALG19
768;MOHAMMED AMOURA;ARGELIA;;FALTA;NO;0;ALG20
769;ESCUDO AUSTRIA;AUSTRIA;OTRO;FALTA;NO;0;AST1
770;ALEXANDER SCHLAGER;AUSTRIA;;FALTA;NO;0;AST2
771;PATRICK PENTZ;AUSTRIA;;FALTA;NO;0;AST3
772;DAVID ALABA;AUSTRIA;;FALTA;NO;0;AST4
773;KEVIN DANSO;AUSTRIA;;FALTA;NO;0;AST5
774;PHILIPP LIENHART;AUSTRIA;;FALTA;NO;0;AST6
775;STEFAN POSCH;AUSTRIA;;FALTA;NO;0;AST7
776;PHILLIPP MWENE;AUSTRIA;;FALTA;NO;0;AST8
777;ALEXANDER PRASS;AUSTRIA;;FALTA;NO;0;AST9
778;XAVER SCHLAGER;AUSTRIA;;FALTA;NO;0;AST10
779;MARCEL SABITZER;AUSTRIA;;FALTA;NO;0;AST11
780;KONRAD LAIMER;AUSTRIA;;FALTA;NO;0;AST12
781;EQUIPO AUSTRIA;AUSTRIA;OTRO;FALTA;NO;0;AST13
782;FLORIAN GRILLITSCH;AUSTRIA;;FALTA;NO;0;AST14
783;NICOLAS SEIWALD;AUSTRIA;;FALTA;NO;0;AST15
784;ROMANO SCHMID;AUSTRIA;;FALTA;NO;0;AST16
785;PATRICK WIMMER;AUSTRIA;;FALTA;NO;0;AST17
786;CHRISTOPH BAUMGARTNER;AUSTRIA;;FALTA;NO;0;AST18
787;MICHAEL GREGORITSCH;AUSTRIA;;FALTA;NO;0;AST19
788;MARKO ARNAUTOVI?;AUSTRIA;;FALTA;NO;0;AST20
789;ESCUDO JORDANIA;JORDANIA;OTRO;FALTA;NO;0;JOR1
790;YAZEED ABULAILA;JORDANIA;;FALTA;NO;0;JOR2
791;IHSAN HADDAD;JORDANIA;;FALTA;NO;0;JOR3
792;MOHAMMAD ABU HASHISH;JORDANIA;;FALTA;NO;0;JOR4
793;YAZAN AL-ARAB;JORDANIA;;FALTA;NO;0;JOR5
794;ABDALLAH NASIB;JORDANIA;;FALTA;NO;0;JOR6
795;SALEEM OBAID;JORDANIA;;FALTA;NO;0;JOR7
796;MOHAMMAD ABUALNADI;JORDANIA;;FALTA;NO;0;JOR8
797;IBRAHIM SAADEH;JORDANIA;;FALTA;NO;0;JOR9
798;NIZAR AL-RASHDAN;JORDANIA;;FALTA;NO;0;JOR10
799;NOOR AL-RAWABDEH;JORDANIA;;FALTA;NO;0;JOR11
800;MOHANNAD ABU TAHA;JORDANIA;;FALTA;NO;0;JOR12
801;EQUIPO JORDANIA;JORDANIA;OTRO;FALTA;NO;0;JOR13
802;AMER JAMOUS;JORDANIA;;FALTA;NO;0;JOR14
803;MUSA AL-TAAMARI;JORDANIA;;FALTA;NO;0;JOR15
804;YAZAN AL-NAIMAT;JORDANIA;;FALTA;NO;0;JOR16
805;MAHMOUD AL-MARDI;JORDANIA;;FALTA;NO;0;JOR17
806;ALI OLWAN;JORDANIA;;FALTA;NO;0;JOR18
807;MOHAMMAD ABU ZRAYQ;JORDANIA;;FALTA;NO;0;JOR19
808;IBRAHIM SABRA;JORDANIA;;FALTA;NO;0;JOR20
809;ESCUDO PORTUGAL;PORTUGAL;OTRO;FALTA;NO;0;POR1
810;DIOGO COSTA;PORTUGAL;PORTERO;FALTA;NO;0;POR2
811;JOSE SA;PORTUGAL;PORTERO;FALTA;NO;0;POR3
812;RUBEN DIAS;PORTUGAL;DEFENSA;FALTA;NO;0;POR4
813;JOĂO CANCELO;PORTUGAL;DEFENSA;FALTA;NO;0;POR5
814;DIOGO DALOT;PORTUGAL;DEFENSA;FALTA;NO;0;POR6
815;NUNO MENDES;PORTUGAL;DEFENSA;FALTA;NO;0;POR7
816;GONÇALO INÁCIO;PORTUGAL;DEFENSA;FALTA;NO;0;POR8
817;BERNARDO SILVA;PORTUGAL;MEDIOCENTRO;FALTA;NO;0;POR9
818;BRUNO FERNANDES;PORTUGAL;MEDIOCENTRO;FALTA;NO;0;POR10
819;RUBEN NEVES;PORTUGAL;MEDIOCENTRO;FALTA;NO;0;POR11
820;VITINHA;PORTUGAL;MEDIOCENTRO;FALTA;NO;0;POR12
821;EQUIPO PORTUGAL;PORTUGAL;OTRO;FALTA;NO;0;POR13
822;JOĂO NEVES;PORTUGAL;MEDIOCENTRO;FALTA;NO;0;POR14
823;CRISTIANO RONALDO;PORTUGAL;DELANTERO;FALTA;NO;0;POR15
824;FRANCISCO TRINCAO;PORTUGAL;DELANTERO;FALTA;NO;0;POR16
825;JOĂO FELIX;PORTUGAL;DELANTERO;FALTA;NO;0;POR17
826;GONÇALO RAMOS;PORTUGAL;DELANTERO;FALTA;NO;0;POR18
827;PEDRO NETO;PORTUGAL;DELANTERO;FALTA;NO;0;POR19
828;RAFAEL LEĂO;PORTUGAL;DELANTERO;FALTA;NO;0;POR20
829;ESCUDO RPD CONGO;RPD CONGO;OTRO;FALTA;NO;0;RDC1
830;LIONEL MPASI;RPD CONGO;;FALTA;NO;0;RDC2
831;AARON WAN-BISSAKA;RPD CONGO;;FALTA;NO;0;RDC3
832;AXEL TUANZEBE;RPD CONGO;;FALTA;NO;0;RDC4
833;ARTHUR MASUAKU;RPD CONGO;;FALTA;NO;0;RDC5
834;CHANCEL MBEMBA;RPD CONGO;;FALTA;NO;0;RDC6
835;JORIS KAYEMBE;RPD CONGO;;FALTA;NO;0;RDC7
836;CHARLES PICKEL;RPD CONGO;;FALTA;NO;0;RDC8
837;NGAL'AYEL MUKAU;RPD CONGO;;FALTA;NO;0;RDC9
838;EDO KAYEMBE;RPD CONGO;;FALTA;NO;0;RDC10
839;SAMUEL MOUTOUSSAMY;RPD CONGO;;FALTA;NO;0;RDC11
840;NOAH SADIKI;RPD CONGO;;FALTA;NO;0;RDC12
841;EQUIPO RPD CONGO;RPD CONGO;OTRO;FALTA;NO;0;RDC13
842;THÉO BONGONDA;RPD CONGO;;FALTA;NO;0;RDC14
843;MESCHAK ELIA;RPD CONGO;;FALTA;NO;0;RDC15
844;YOANE WISSA;RPD CONGO;;FALTA;NO;0;RDC16
845;BRIAN CIPENGA;RPD CONGO;;FALTA;NO;0;RDC17
846;FISTON MAYELE;RPD CONGO;;FALTA;NO;0;RDC18
847;CÉDRIC BAKAMBU;RPD CONGO;;FALTA;NO;0;RDC19
848;NATHANAËL MBUKU;RPD CONGO;;FALTA;NO;0;RDC20
849;ESCUDO UZBEKISTÁN;UZBEKISTAN;OTRO;FALTA;NO;0;UZB1
850;UTKIR YUSUPOV;UZBEKISTAN;;FALTA;NO;0;UZB2
851;FARRUKH SAVFIEV;UZBEKISTAN;;FALTA;NO;0;UZB3
852;SHERZOD NASRULLAEV;UZBEKISTAN;;FALTA;NO;0;UZB4
853;UMAR ESHMURODOV;UZBEKISTAN;;FALTA;NO;0;UZB5
854;HUSNIDDIN ALIQULOV;UZBEKISTAN;;FALTA;NO;0;UZB6
855;RUSTAMJON ASHURMATOV;UZBEKISTAN;;FALTA;NO;0;UZB7
856;KHOJIAKBAR ALIJONOV;UZBEKISTAN;;FALTA;NO;0;UZB8
857;ABDUKODIR KHUSANOV;UZBEKISTAN;;FALTA;NO;0;UZB9
858;ODILJON HAMROBEKOV;UZBEKISTAN;;FALTA;NO;0;UZB10
859;OTABEK SHUKUROV;UZBEKISTAN;;FALTA;NO;0;UZB11
860;JAMSHID ISKANDEROV;UZBEKISTAN;;FALTA;NO;0;UZB12
861;EQUIPO UZBEKISTÁN;UZBEKISTAN;OTRO;FALTA;NO;0;UZB13
862;AZIZBEK TURGUNBOEV;UZBEKISTAN;;FALTA;NO;0;UZB14
863;KHOJIMAT ERKINOV;UZBEKISTAN;;FALTA;NO;0;UZB15
864;ELDOR SHOMURODOV;UZBEKISTAN;;FALTA;NO;0;UZB16
865;OSTON URUNOV;UZBEKISTAN;;FALTA;NO;0;UZB17
866;JALOLIDDIN MASHARIPOV;UZBEKISTAN;;FALTA;NO;0;UZB18
867;IGOR SERGEEV;UZBEKISTAN;;FALTA;NO;0;UZB19
868;ABBOSBEK FAYZULLAEV;UZBEKISTAN;;FALTA;NO;0;UZB20
869;ESCUDO COLOMBIA;COLOMBIA;OTRO;FALTA;NO;0;COL1
870;CAMILO VARGAS;COLOMBIA;;FALTA;NO;0;COL2
871;DAVID OSPINA;COLOMBIA;;FALTA;NO;0;COL3
872;DÁVINSON SÁNCHEZ;COLOMBIA;;FALTA;NO;0;COL4
873;YERRY MINA;COLOMBIA;;FALTA;NO;0;COL5
874;DANIEL MUNOZ;COLOMBIA;;FALTA;NO;0;COL6
875;JOHAN MOJICA;COLOMBIA;;FALTA;NO;0;COL7
876;JHON LUCUMÍ;COLOMBIA;;FALTA;NO;0;COL8
877;SANTIAGO ARIAS;COLOMBIA;;FALTA;NO;0;COL9
878;JEFFERSON LERMA;COLOMBIA;;FALTA;NO;0;COL10
879;KEVIN CASTAŃO;COLOMBIA;;FALTA;NO;0;COL11
880;RICHARD RIOS;COLOMBIA;;FALTA;NO;0;COL12
881;EQUIPO COLOMBIA;COLOMBIA;OTRO;FALTA;NO;0;COL13
882;JAMES RODRIGUEZ;COLOMBIA;;FALTA;NO;0;COL14
883;JUAN FERNANDO QUINTERO;COLOMBIA;;FALTA;NO;0;COL15
884;JORGE CARRASCAL;COLOMBIA;;FALTA;NO;0;COL16
885;JON ARIAS;COLOMBIA;;FALTA;NO;0;COL17
886;JHON CORDOVA;COLOMBIA;;FALTA;NO;0;COL18
887;LUIS SUAREZ;COLOMBIA;;FALTA;NO;0;COL19
888;LUIS DIAZ;COLOMBIA;;FALTA;NO;0;COL20
889;ESCUDO INGLATERRA;INGLATERRA;OTRO;FALTA;NO;0;ING1
890;JORDAN PICKFORD;INGLATERRA;PORTERO;FALTA;NO;0;ING2
891;JOHN STONES;INGLATERRA;DEFENSA;FALTA;NO;0;ING3
892;MARC GUÉHI;INGLATERRA;DEFENSA;FALTA;NO;0;ING4
893;EZRI KONSA;INGLATERRA;DEFENSA;FALTA;NO;0;ING5
894;TRENT ALEXANDER-ARNOLD;INGLATERRA;DEFENSA;FALTA;NO;0;ING6
895;REECE JAMES;INGLATERRA;DEFENSA;FALTA;NO;0;ING7
896;DAN BURN;INGLATERRA;DEFENSA;FALTA;NO;0;ING8
897;JORDAN HENDERSON;INGLATERRA;MEDIOCENTRO;FALTA;NO;0;ING9
898;DECLAN RICE;INGLATERRA;MEDIOCENTRO;FALTA;NO;0;ING10
899;JUDE BELLINGHAM;INGLATERRA;MEDIOCENTRO;FALTA;NO;0;ING11
900;COLE PALMER;INGLATERRA;MEDIOCENTRO;FALTA;NO;0;ING12
901;EQUIPO INGLATERRA;INGLATERRA;OTRO;FALTA;NO;0;ING13
902;MORGAN ROGERS;INGLATERRA;MEDIOCENTRO;FALTA;NO;0;ING14
903;ANTHONY GORDON;INGLATERRA;DELANTERO;FALTA;NO;0;ING15
904;PHIL FODEN;INGLATERRA;DELANTERO;FALTA;NO;0;ING16
905;BUKAYO SAKA;INGLATERRA;DELANTERO;FALTA;NO;0;ING17
906;HARRY KANE;INGLATERRA;DELANTERO;FALTA;NO;0;ING18
907;MARCUS RASHFORD;INGLATERRA;DELANTERO;FALTA;NO;0;ING19
908;OLLIE WATKINS;INGLATERRA;DELANTERO;FALTA;NO;0;ING20
909;ESCUDO CROACIA;CROACIA;OTRO;FALTA;NO;0;CRO1
910;DOMINIK LIVAKOVIC;CROACIA;PORTERO;FALTA;NO;0;CRO2
911;DUJE CALETA-CAR;CROACIA;DEFENSA;FALTA;NO;0;CRO3
912;JOSKO GVARDIOL;CROACIA;DEFENSA;FALTA;NO;0;CRO4
913;JOSIP STANIŠIC;CROACIA;DEFENSA;FALTA;NO;0;CRO5
914;LUKA VUŠKOVIC;CROACIA;DEFENSA;FALTA;NO;0;CRO6
915;JOSIP SUTALO;CROACIA;DEFENSA;FALTA;NO;0;CRO7
916;KRISTIJAN JAKIC;CROACIA;MEDIOCENTRO;FALTA;NO;0;CRO8
917;LUKA MODRIC;CROACIA;MEDIOCENTRO;FALTA;NO;0;CRO9
918;MATEO KOVACIC;CROACIA;MEDIOCENTRO;FALTA;NO;0;CRO10
919;MARTIN BATURINA;CROACIA;MEDIOCENTRO;FALTA;NO;0;CRO11
920;LOVRO MAJER;CROACIA;MEDIOCENTRO;FALTA;NO;0;CRO12
921;EQUIPO CROACIA;CROACIA;OTRO;FALTA;NO;0;CRO13
922;MARIO PASALIC;CROACIA;MEDIOCENTRO;FALTA;NO;0;CRO14
923;PETAR SUCIC;CROACIA;MEDIOCENTRO;FALTA;NO;0;CRO15
924;IVAN PERIŠIC;CROACIA;DELANTERO;FALTA;NO;0;CRO16
925;MARCO PASALIC;CROACIA;DELANTERO;FALTA;NO;0;CRO17
926;ANTE BUDIMIR;CROACIA;DELANTERO;FALTA;NO;0;CRO18
927;ANDREJ KRAMARIC;CROACIA;DELANTERO;FALTA;NO;0;CRO19
928;FRANJO IVANOVIC;CROACIA;DELANTERO;FALTA;NO;0;CRO20
929;ESCUDO GHANA;GHANA;OTRO;FALTA;NO;0;GHA1
930;LAWRENCE ATI ZIGI;GHANA;;FALTA;NO;0;GHA2
931;TARIQ LAMPTEY;GHANA;;FALTA;NO;0;GHA3
932;MOHAMMED SALISU;GHANA;;FALTA;NO;0;GHA4
933;ALIDU SEIDU;GHANA;;FALTA;NO;0;GHA5
934;ALEXANDER DJIKU;GHANA;;FALTA;NO;0;GHA6
935;GIDEON MENSAH;GHANA;;FALTA;NO;0;GHA7
936;CALEB YIRENKYI;GHANA;;FALTA;NO;0;GHA8
937;ABDUL ISSAHAKU FATAWU;GHANA;;FALTA;NO;0;GHA9
938;THOMAS PARTEY;GHANA;;FALTA;NO;0;GHA10
939;SALIS ABDUL SAMED;GHANA;;FALTA;NO;0;GHA11
940;KAMALDEEN SULEMANA;GHANA;;FALTA;NO;0;GHA12
941;EQUIPO GHANA;GHANA;OTRO;FALTA;NO;0;GHA13
942;MOHAMMED KUDUS;GHANA;;FALTA;NO;0;GHA14
943;INAKI WILLIAMS;GHANA;;FALTA;NO;0;GHA15
944;JORDAN AYEW;GHANA;;FALTA;NO;0;GHA16
945;ANDREW AYEW;GHANA;;FALTA;NO;0;GHA17
946;JOSEPH PAINTSIL;GHANA;;FALTA;NO;0;GHA18
947;OSMAN BUKARI;GHANA;;FALTA;NO;0;GHA19
948;ANTOINE SEMENYO;GHANA;;FALTA;NO;0;GHA20
949;ESCUDO PANAMÁ;PANAMÁ;OTRO;FALTA;NO;0;PAN1
950;ORLANDO MOSQUERA;PANAMÁ;;FALTA;NO;0;PAN2
951;LUIS MEJIA;PANAMÁ;;FALTA;NO;0;PAN3
952;FIDEL ESCOBAR;PANAMÁ;;FALTA;NO;0;PAN4
953;ANDRES ANDRADE;PANAMÁ;;FALTA;NO;0;PAN5
954;MICHAEL AMIR MURILLO;PANAMÁ;;FALTA;NO;0;PAN6
955;ERIC DAVIS;PANAMÁ;;FALTA;NO;0;PAN7
956;JOSE CORDOBA;PANAMÁ;;FALTA;NO;0;PAN8
957;CESAR BLACKMAN;PANAMÁ;;FALTA;NO;0;PAN9
958;CRISTIAN MARTINEZ;PANAMÁ;;FALTA;NO;0;PAN10
959;ANÍBAL GODOY;PANAMÁ;;FALTA;NO;0;PAN11
960;ADALBERTO CARRASQUILLA;PANAMÁ;;FALTA;NO;0;PAN12
961;EQUIPO PANAMA;PANAMÁ;OTRO;FALTA;NO;0;PAN13
962;ÉDGAR BÁRCENAS;PANAMÁ;;FALTA;NO;0;PAN14
963;CARLOS HARVEY;PANAMÁ;;FALTA;NO;0;PAN15
964;ISMAEL DÍAZ;PANAMÁ;;FALTA;NO;0;PAN16
965;JOSE FAJARDO;PANAMÁ;;FALTA;NO;0;PAN17
966;CECILIO WATERMAN;PANAMÁ;;FALTA;NO;0;PAN18
967;JOSE LUIZ RODRIGUEZ;PANAMÁ;;FALTA;NO;0;PAN19
968;ALBERTO QUINTERO;PANAMÁ;;FALTA;NO;0;PAN20
969;ITALY 1934;FWC;OTRO;FALTA;NO;0;FWC9
970;URUGUAY 1950;FWC;OTRO;FALTA;NO;0;FWC10
971;WEST GERMANY 1954;FWC;OTRO;FALTA;NO;0;FWC11
972;BRAZIL 1962;FWC;OTRO;FALTA;NO;0;FWC12
973;WEST GERMANY 1974;FWC;OTRO;FALTA;NO;0;FWC13
974;ARGENTINA 1986;FWC;OTRO;FALTA;NO;0;FWC14
975;BRAZIL 1994;FWC;OTRO;FALTA;NO;0;FWC15
976;BRAZIL 2002;FWC;OTRO;FALTA;NO;0;FWC16
977;ITALY 2006;FWC;OTRO;FALTA;NO;0;FWC17
978;GERMANY 2014;FWC;OTRO;FALTA;NO;0;FWC18
979;ARGENTINA 2022;FWC;OTRO;FALTA;NO;0;FWC19
980;LAMINE YAMAL;COCACOLA USA;DELANTERO;FALTA;NO;0;CC-US1
981;JOSHUA KIMMICH;COCACOLA USA;MEDIOCENTRO;FALTA;NO;0;CC-US2
982;HARRY KANE;COCACOLA USA;DELANTERO;FALTA;NO;0;CC-US3
983;SANTIAGO GIMÉNEZ;COCACOLA USA;DELANTERO;FALTA;NO;0;CC-US4
984;ANTONEE ROBINSON;COCACOLA USA;DEFENSA;FALTA;NO;0;CC-US5
985;JEFFERSON LERMA;COCACOLA USA;MEDIOCENTRO;FALTA;NO;0;CC-US6
986;EDSON ÁLVAREZ;COCACOLA USA;DEFENSA;FALTA;NO;0;CC-US7
987;VIRGIL VAN DIJK;COCACOLA USA;DEFENSA;FALTA;NO;0;CC-US8
988;ALPHONSO DAVIES;COCACOLA USA;DEFENSA;FALTA;NO;0;CC-US9
989;WESTON MCKENNIE;COCACOLA USA;MEDIOCENTRO;FALTA;NO;0;CC-US10
990;LAUTARO MARTÍNEZ;COCACOLA USA;DELANTERO;FALTA;NO;0;CC-US11
991;GABRIEL MAGALHAES;COCACOLA USA;DEFENSA;FALTA;NO;0;CC-US12
992;LAMINE YAMAL;COCACOLA LATAM;DELANTERO;FALTA;NO;0;CC-LAM1
993;JOSHUA KIMMICH;COCACOLA LATAM;MEDIOCENTRO;FALTA;NO;0;CC-LAM2
994;HARRY KANE;COCACOLA LATAM;DELANTERO;FALTA;NO;0;CC-LAM3
995;SANTIAGO GIMÉNEZ;COCACOLA LATAM;DELANTERO;FALTA;NO;0;CC-LAM4
996;JOSKO GVARDIOL;COCACOLA LATAM;DEFENSA;FALTA;NO;0;CC-LAM5
997;FEDERICO VALVERDE;COCACOLA LATAM;MEDIOCENTRO;FALTA;NO;0;CC-LAM6
998;JEFFERSON LERMA;COCACOLA LATAM;MEDIOCENTRO;FALTA;NO;0;CC-LAM7
999;ENNER VALENCIA;COCACOLA LATAM;DELANTERO;FALTA;NO;0;CC-LAM8
1000;GABRIEL MAGALHAES;COCACOLA LATAM;DEFENSA;FALTA;NO;0;CC-LAM9
1001;VIRGIL VAN DIJK;COCACOLA LATAM;DEFENSA;FALTA;NO;0;CC-LAM10
1002;ALPHONSO DAVIES;COCACOLA LATAM;DEFENSA;FALTA;NO;0;CC-LAM11
1003;EMILIANO MARTÍNEZ;COCACOLA LATAM;PORTERO;FALTA;NO;0;CC-LAM12
1004;RAÚL JIMÉNEZ;COCACOLA LATAM;DELANTERO;FALTA;NO;0;CC-LAM13
1005;LAUTARO MARTÍNEZ;COCACOLA LATAM;DELANTERO;FALTA;NO;0;CC-LAM14
1006;LAUTARO MARTÍNEZ;COCACOLA SERBIA;DELANTERO;FALTA;NO;0;CC-SRB1
1007;ALPHONSO DAVIES;COCACOLA SERBIA;DEFENSA;FALTA;NO;0;CC-SRB2
1008;JOSKO GVARDIOL;COCACOLA SERBIA;DEFENSA;FALTA;NO;0;CC-SRB3
1009;HARRY KANE;COCACOLA SERBIA;DELANTERO;FALTA;NO;0;CC-SRB4
1010;EDUARDO CAMAVINGA;COCACOLA SERBIA;MEDIOCENTRO;FALTA;NO;0;CC-SRB5
1011;WILLIAM SALIBA;COCACOLA SERBIA;DEFENSA;FALTA;NO;0;CC-SRB6
1012;JOSHUA KIMMICH;COCACOLA SERBIA;MEDIOCENTRO;FALTA;NO;0;CC-SRB7
1013;RAÚL JIMÉNEZ;COCACOLA SERBIA;DELANTERO;FALTA;NO;0;CC-SRB8
1014;VIRGIL VAN DIJK;COCACOLA SERBIA;DEFENSA;FALTA;NO;0;CC-SRB9
1015;LAMINE YAMAL;COCACOLA SERBIA;DELANTERO;FALTA;NO;0;CC-SRB10
1016;ANTONEE ROBINSON;COCACOLA SERBIA;DEFENSA;FALTA;NO;0;CC-SRB11
1017;FEDERICO VALVERDE;COCACOLA SERBIA;MEDIOCENTRO;FALTA;NO;0;CC-SRB12
1018;LAMINE YAMAL;COCACOLA ESPAŃA;DELANTERO;FALTA;NO;0;CC-ESP1
1019;JOSHUA KIMMICH;COCACOLA ESPAŃA;MEDIOCENTRO;FALTA;NO;0;CC-ESP2
1020;EDUARDO CAMAVINGA;COCACOLA ESPAŃA;MEDIOCENTRO;FALTA;NO;0;CC-ESP3
1021;JOSKO GVARDIOL;COCACOLA ESPAŃA;DEFENSA;FALTA;NO;0;CC-ESP4
1022;FEDERICO VALVERDE;COCACOLA ESPAŃA;MEDIOCENTRO;FALTA;NO;0;CC-ESP5
1023;VIRGIL VAN DIJK;COCACOLA ESPAŃA;DEFENSA;FALTA;NO;0;CC-ESP6
1024;ALPHONSO DAVIES;COCACOLA ESPAŃA;DEFENSA;FALTA;NO;0;CC-ESP7
1025;RAÚL JIMÉNEZ;COCACOLA ESPAŃA;DELANTERO;FALTA;NO;0;CC-ESP8
1026;WILLIAM SALIBA;COCACOLA ESPAŃA;DEFENSA;FALTA;NO;0;CC-ESP9
1027;LAUTARO MARTÍNEZ;COCACOLA ESPAŃA;DELANTERO;FALTA;NO;0;CC-ESP10
1028;HARRY KANE;COCACOLA ESPAŃA;DELANTERO;FALTA;NO;0;CC-ESP11
1029;ANTONEE ROBINSON;COCACOLA ESPAŃA;DEFENSA;FALTA;NO;0;CC-ESP12
1030;LIONEL MESSI;EXTRA / BASE;DELANTERO;FALTA;NO;0;EXT BAS1
1031;JEREMY DOKU;EXTRA / BASE;DELANTERO;FALTA;NO;0;EXT BAS2
1032;VINICIUS JUNIOR;EXTRA / BASE;DELANTERO;FALTA;NO;0;EXT BAS3
1033;ALPHONSO DAVIES;EXTRA / BASE;DEFENSA;FALTA;NO;0;EXT BAS4
1034;LUIS DIAZ;EXTRA / BASE;DELANTERO;FALTA;NO;0;EXT BAS5
1035;LUKA MODRIC;EXTRA / BASE;MEDIOCENTRO;FALTA;NO;0;EXT BAS6
1036;MOSISES CAICEDO;EXTRA / BASE;MEDIOCENTRO;FALTA;NO;0;EXT BAS7
1037;MOHAMED SALAH;EXTRA / BASE;DELANTERO;FALTA;NO;0;EXT BAS8
1038;JUDE BELLINGHAM;EXTRA / BASE;MEDIOCENTRO;FALTA;NO;0;EXT BAS9
1039;KYLIAN MBAPPÉ;EXTRA / BASE;DELANTERO;FALTA;NO;0;EXT BAS10
1040;FLORIAN WIRTZ;EXTRA / BASE;MEDIOCENTRO;FALTA;NO;0;EXT BAS11
1041;RAÚL JIMÉNEZ;EXTRA / BASE;DELANTERO;FALTA;NO;0;EXT BAS12
1042;ACHRAF HAKIMI;EXTRA / BASE;DEFENSA;FALTA;NO;0;EXT BAS13
1043;EARLING HAALAND;EXTRA / BASE;DELANTERO;FALTA;NO;0;EXT BAS14
1044;ROBERT LEWANDOWSKI;EXTRA / BASE;DELANTERO;FALTA;NO;0;EXT BAS15
1045;CRISTIANO RONALDO;EXTRA / BASE;DELANTERO;FALTA;NO;0;EXT BAS16
1046;HEUNG-MIN SON;EXTRA / BASE;DELANTERO;FALTA;NO;0;EXT BAS17
1047;LAMINE YAMAL;EXTRA / BASE;DELANTERO;FALTA;NO;0;EXT BAS18
1048;CHRISTIAN PULISIC;EXTRA / BASE;DELANTERO;FALTA;NO;0;EXT BAS19
1049;FEDERICO VALVERDE;EXTRA / BASE;MEDIOCENTRO;FALTA;NO;0;EXT BAS20
